2026-10-03 23:32:04.312 [main] DEBUG c.m.mapper.SystemLogMapper.insert - ==>  Preparing: INSERT INTO system_log ( trace_id, request_id, log_level, log_type, module, action, content, status, server_host, server_port, created_at ) VALUES ( ?, ?, ?, ?, ?, ?, ?, ?, ?, ?, ? )
2026-10-03 23:32:04.553 [http-nio-8080-exec-7] DEBUG c.m.mapper.FeatureMapper.selectList - ==>  Preparing: SELECT id,icon,title,description,bg_color,sort_order,created_at,updated_at FROM features ORDER BY sort_order ASC
2026-10-03 23:32:04.555 [http-nio-8080-exec-6] DEBUG c.m.m.RecommendMapper.selectList - ==>  Preparing: SELECT id,image,name,description,details,type,state FROM recommend WHERE (state = ?)
2026-10-03 23:32:04.555 [http-nio-8080-exec-9] DEBUG c.m.mapper.HotelMapper.selectList - ==>  Preparing: SELECT id,name,city,province,address,description,cover_image,images,price,star_level,rating,like_count,collect_count,comment_count,facilities,status,create_time,update_time FROM hotel WHERE (status = ?) ORDER BY rating DESC LIMIT 20
2026-10-03 23:32:04.556 [http-nio-8080-exec-10] DEBUG c.m.mapper.NewsMapper.selectList - ==>  Preparing: SELECT id,title,content,cover_image,source,view_count,like_count,collect_count,comment_count,status,create_time,update_time FROM news WHERE (status = ?) ORDER BY view_count DESC LIMIT 6
2026-10-03 23:32:04.563 [http-nio-8080-exec-4] DEBUG c.m.m.H.selectList - ==>  Preparing: SELECT id,uuid,name,english_name,alias_name,category_id,category_name,tags,country,province,city,district,address,longitude,latitude,google_map_url,baidu_map_url,transportation,recommendation_reason,highlights,best_travel_time,visit_duration,cover_image_url,banner_image_url,video_url,image_urls,ticket_price_description,min_price,max_price,price_currency,is_free,opening_hours_weekday,opening_hours_weekend,opening_hours_description,contact_phone,official_website,social_media,view_count,like_count,share_count,comment_count,average_rating,rating_count,weight,is_hot,is_new,is_top,status,season,festival,tips,suitable_crowd,facility_info,seo_title,seo_keywords,seo_description,content,summary,source,author,created_at,updated_at,published_at,expired_at FROM home_recommendations WHERE (status = ? AND is_hot = ?) ORDER BY weight DESC,like_count DESC LIMIT 20
2026-10-03 23:32:04.612 [http-nio-8080-exec-7] DEBUG c.m.mapper.FeatureMapper.selectList - ==> Parameters: 
2026-10-03 23:32:04.619 [http-nio-8080-exec-8] DEBUG c.m.m.SafetyTipsMapper.selectList - ==>  Preparing: SELECT id,title,description,image_url,category_id,sort_weight,status,creator_id,updater_id,create_time,update_time FROM safetytips WHERE (status = ?) ORDER BY sort_weight DESC,create_time DESC
2026-10-03 23:32:04.620 [main] DEBUG c.m.mapper.SystemLogMapper.insert - ==> Parameters: fbc786c5b62b4f53916381a6f3ec1926(String), da7275caa1d74cfc84397532404540ba(String), INFO(String), SYSTEM(String), 系统(String), 应用启动(String), 系统启动成功，服务器主机: DESKTOP-JE62AKO，端口: 8080(String), SUCCESS(String), DESKTOP-JE62AKO(String), 8080(Integer), 2026-10-03T23:32:04.223847100(LocalDateTime)
2026-10-03 23:32:04.644 [http-nio-8080-exec-10] DEBUG c.m.mapper.NewsMapper.selectList - ==> Parameters: 1(Integer)
2026-10-03 23:32:04.644 [http-nio-8080-exec-6] DEBUG c.m.m.RecommendMapper.selectList - ==> Parameters: 0(String)
2026-10-03 23:32:04.645 [http-nio-8080-exec-9] DEBUG c.m.mapper.HotelMapper.selectList - ==> Parameters: 1(Integer)
2026-10-03 23:32:04.645 [http-nio-8080-exec-8] DEBUG c.m.m.SafetyTipsMapper.selectList - ==> Parameters: 1(Integer)
2026-10-03 23:32:04.649 [http-nio-8080-exec-4] DEBUG c.m.m.H.selectList - ==> Parameters: 1(Integer), true(Boolean)
2026-10-03 23:32:04.677 [main] DEBUG c.m.mapper.SystemLogMapper.insert - <==    Updates: 1
2026-10-03 23:32:04.684 [http-nio-8080-exec-6] DEBUG c.m.m.RecommendMapper.selectList - <==      Total: 8
2026-10-03 23:32:04.689 [http-nio-8080-exec-10] DEBUG c.m.mapper.NewsMapper.selectList - <==      Total: 6
2026-10-03 23:32:04.689 [http-nio-8080-exec-9] DEBUG c.m.mapper.HotelMapper.selectList - <==      Total: 10
2026-10-03 23:32:04.690 [http-nio-8080-exec-8] DEBUG c.m.m.SafetyTipsMapper.selectList - <==      Total: 10
2026-10-03 23:32:04.690 [http-nio-8080-exec-7] DEBUG c.m.mapper.FeatureMapper.selectList - <==      Total: 6
2026-10-03 23:32:04.698 [http-nio-8080-exec-7] DEBUG c.m.m.FeatureItemMapper.selectList - ==>  Preparing: SELECT id,feature_id,item_name,sort_order,created_at FROM feature_items WHERE (feature_id IN (?,?,?,?,?,?)) ORDER BY sort_order ASC
2026-10-03 23:32:04.700 [http-nio-8080-exec-7] DEBUG c.m.m.FeatureItemMapper.selectList - ==> Parameters: 1(Integer), 2(Integer), 3(Integer), 4(Integer), 5(Integer), 6(Integer)
2026-10-03 23:32:04.703 [http-nio-8080-exec-4] DEBUG c.m.m.H.selectList - <==      Total: 17
2026-10-03 23:32:04.715 [http-nio-8080-exec-7] DEBUG c.m.m.FeatureItemMapper.selectList - <==      Total: 24
2026-10-03 23:32:04.725 [http-nio-8080-exec-7] DEBUG c.m.m.TechCategoryMapper.selectList - ==>  Preparing: SELECT id,category_name,theme_class,sort_order,created_at FROM tech_categories ORDER BY sort_order ASC
2026-10-03 23:32:04.726 [http-nio-8080-exec-7] DEBUG c.m.m.TechCategoryMapper.selectList - ==> Parameters: 
2026-10-03 23:32:04.742 [http-nio-8080-exec-7] DEBUG c.m.m.TechCategoryMapper.selectList - <==      Total: 3
2026-10-03 23:32:04.743 [http-nio-8080-exec-5] DEBUG c.m.m.CarouselsMapper.selectList - ==>  Preparing: SELECT id,title,subtitle,image_url,mobile_image_url,thumbnail_url,link_type,link_url,link_target,target_id,button_text,button_color,text_color,text_shadow,overlay_color,overlay_opacity,position,device_type,user_type,start_time,end_time,is_always_show,click_count,impression_count,sort_order,is_active,is_deleted,remark,created_by,created_at,updated_at FROM carousels WHERE (position = ? AND is_active = ? AND (is_deleted = ? OR is_deleted IS NULL) AND (is_always_show = ? OR (start_time <= ? AND end_time >= ?)))
2026-10-03 23:32:04.745 [http-nio-8080-exec-7] DEBUG c.m.mapper.TechItemMapper.selectList - ==>  Preparing: SELECT id,category_id,tech_name,description,sort_order,created_at FROM tech_items WHERE (category_id IN (?,?,?)) ORDER BY sort_order ASC
2026-10-03 23:32:04.747 [http-nio-8080-exec-7] DEBUG c.m.mapper.TechItemMapper.selectList - ==> Parameters: 1(Integer), 2(Integer), 3(Integer)
2026-10-03 23:32:04.750 [http-nio-8080-exec-5] DEBUG c.m.m.CarouselsMapper.selectList - ==> Parameters: home_top(String), true(Boolean), false(Boolean), true(Boolean), 2026-10-03T23:32:04.742901400(LocalDateTime), 2026-10-03T23:32:04.742901400(LocalDateTime)
2026-10-03 23:32:04.762 [http-nio-8080-exec-7] DEBUG c.m.mapper.TechItemMapper.selectList - <==      Total: 14
2026-10-03 23:32:04.766 [http-nio-8080-exec-7] DEBUG c.m.m.MilestoneMapper.selectList - ==>  Preparing: SELECT id,milestone_date,title,description,sort_order,created_at,updated_at FROM milestones ORDER BY milestone_date ASC
2026-10-03 23:32:04.767 [http-nio-8080-exec-7] DEBUG c.m.m.MilestoneMapper.selectList - ==> Parameters: 
2026-10-03 23:32:04.776 [http-nio-8080-exec-5] DEBUG c.m.m.CarouselsMapper.selectList - <==      Total: 6
2026-10-03 23:32:04.782 [http-nio-8080-exec-7] DEBUG c.m.m.MilestoneMapper.selectList - <==      Total: 6
2026-10-03 23:32:04.788 [http-nio-8080-exec-7] DEBUG c.m.m.PlatformStatMapper.selectList - ==>  Preparing: SELECT id,stat_label,stat_value,stat_icon,sort_order,updated_at FROM platform_stats ORDER BY sort_order ASC
2026-10-03 23:32:04.790 [http-nio-8080-exec-7] DEBUG c.m.m.PlatformStatMapper.selectList - ==> Parameters: 
2026-10-03 23:32:04.801 [http-nio-8080-exec-7] DEBUG c.m.m.PlatformStatMapper.selectList - <==      Total: 4
2026-10-03 23:32:15.547 [http-nio-8080-exec-5] DEBUG c.m.mapper.MonthMapper.selectList - ==>  Preparing: SELECT id,month_name,month_order,is_active,created_at,updated_at FROM months
2026-10-03 23:32:15.547 [http-nio-8080-exec-1] DEBUG c.m.m.CarouselsMapper.selectList - ==>  Preparing: SELECT id,title,subtitle,image_url,mobile_image_url,thumbnail_url,link_type,link_url,link_target,target_id,button_text,button_color,text_color,text_shadow,overlay_color,overlay_opacity,position,device_type,user_type,start_time,end_time,is_always_show,click_count,impression_count,sort_order,is_active,is_deleted,remark,created_by,created_at,updated_at FROM carousels WHERE (position = ? AND is_active = ? AND (is_deleted = ? OR is_deleted IS NULL) AND (is_always_show = ? OR (start_time <= ? AND end_time >= ?)))
2026-10-03 23:32:15.547 [http-nio-8080-exec-5] DEBUG c.m.mapper.MonthMapper.selectList - ==> Parameters: 
2026-10-03 23:32:15.549 [http-nio-8080-exec-1] DEBUG c.m.m.CarouselsMapper.selectList - ==> Parameters: destination(String), true(Boolean), false(Boolean), true(Boolean), 2026-10-03T23:32:15.547995200(LocalDateTime), 2026-10-03T23:32:15.547995200(LocalDateTime)
2026-10-03 23:32:15.553 [http-nio-8080-exec-1] DEBUG c.m.m.CarouselsMapper.selectList - <==      Total: 3
2026-10-03 23:32:15.561 [http-nio-8080-exec-5] DEBUG c.m.mapper.MonthMapper.selectList - <==      Total: 12
2026-10-03 23:32:15.602 [http-nio-8080-exec-6] DEBUG c.m.m.M.getRecommendationsByMonthName - ==>  Preparing: SELECT r.* FROM monthly_recommendations r INNER JOIN months m ON r.month_id = m.id WHERE m.month_name = ? AND r.is_recommended = 1 ORDER BY r.sort_order
2026-10-03 23:32:15.616 [http-nio-8080-exec-6] DEBUG c.m.m.M.getRecommendationsByMonthName - ==> Parameters: 一月(String)
2026-10-03 23:32:15.629 [http-nio-8080-exec-6] DEBUG c.m.m.M.getRecommendationsByMonthName - <==      Total: 3
2026-10-03 23:32:15.629 [http-nio-8080-exec-3] DEBUG c.m.m.W.selectList_mpCount - ==>  Preparing: SELECT COUNT(*) AS total FROM worldcharacteristics
2026-10-03 23:32:15.630 [http-nio-8080-exec-4] DEBUG c.m.m.C.selectList_mpCount - ==>  Preparing: SELECT COUNT(*) AS total FROM cities
2026-10-03 23:32:15.631 [http-nio-8080-exec-4] DEBUG c.m.m.C.selectList_mpCount - ==> Parameters: 
2026-10-03 23:32:15.632 [http-nio-8080-exec-3] DEBUG c.m.m.W.selectList_mpCount - ==> Parameters: 
2026-10-03 23:32:15.646 [http-nio-8080-exec-3] DEBUG c.m.m.W.selectList_mpCount - <==      Total: 1
2026-10-03 23:32:15.651 [http-nio-8080-exec-3] DEBUG c.m.m.W.selectList - ==>  Preparing: SELECT id,name,country,image,description,features,history,culture,tags,category,color FROM worldcharacteristics LIMIT ?
2026-10-03 23:32:15.651 [http-nio-8080-exec-4] DEBUG c.m.m.C.selectList_mpCount - <==      Total: 1
2026-10-03 23:32:15.652 [http-nio-8080-exec-4] DEBUG c.m.mapper.CitiesMapper.selectList - ==>  Preparing: SELECT id,name,chinese_name,country_id,is_capital,area,population,timezone,description,latitude,longitude,famous_for,best_season,created_at FROM cities LIMIT ?
2026-10-03 23:32:15.655 [http-nio-8080-exec-4] DEBUG c.m.mapper.CitiesMapper.selectList - ==> Parameters: 10(Long)
2026-10-03 23:32:15.655 [http-nio-8080-exec-3] DEBUG c.m.m.W.selectList - ==> Parameters: 10(Long)
2026-10-03 23:32:15.657 [http-nio-8080-exec-3] DEBUG c.m.m.W.selectList - <==      Total: 10
2026-10-03 23:32:15.657 [http-nio-8080-exec-4] DEBUG c.m.mapper.CitiesMapper.selectList - <==      Total: 10
2026-10-03 23:32:15.661 [http-nio-8080-exec-10] DEBUG c.m.m.C.selectList_mpCount - ==>  Preparing: SELECT COUNT(*) AS total FROM countries
2026-10-03 23:32:15.662 [http-nio-8080-exec-10] DEBUG c.m.m.C.selectList_mpCount - ==> Parameters: 
2026-10-03 23:32:15.670 [http-nio-8080-exec-10] DEBUG c.m.m.C.selectList_mpCount - <==      Total: 1
2026-10-03 23:32:15.672 [http-nio-8080-exec-10] DEBUG c.m.m.CountriesMapper.selectList - ==>  Preparing: SELECT id,name,chinese_name,image,continent_id,capital,area,population,currency,language,timezone,country_code,phone_code,flag_emoji,description,created_at FROM countries LIMIT ?
2026-10-03 23:32:15.673 [http-nio-8080-exec-10] DEBUG c.m.m.CountriesMapper.selectList - ==> Parameters: 10(Long)
2026-10-03 23:32:15.675 [http-nio-8080-exec-10] DEBUG c.m.m.CountriesMapper.selectList - <==      Total: 10
2026-10-03 23:32:15.690 [http-nio-8080-exec-6] DEBUG c.m.mapper.MonthMapper.selectList - ==>  Preparing: SELECT id,month_name,month_order,is_active,created_at,updated_at FROM months
2026-10-03 23:32:15.691 [http-nio-8080-exec-6] DEBUG c.m.mapper.MonthMapper.selectList - ==> Parameters: 
2026-10-03 23:32:15.693 [http-nio-8080-exec-6] DEBUG c.m.mapper.MonthMapper.selectList - <==      Total: 12
2026-10-03 23:32:15.693 [http-nio-8080-exec-2] DEBUG c.m.m.W.selectList_mpCount - ==>  Preparing: SELECT COUNT(*) AS total FROM worldcharacteristics
2026-10-03 23:32:15.693 [http-nio-8080-exec-7] DEBUG c.m.m.C.selectList_mpCount - ==>  Preparing: SELECT COUNT(*) AS total FROM cities
2026-10-03 23:32:15.694 [http-nio-8080-exec-2] DEBUG c.m.m.W.selectList_mpCount - ==> Parameters: 
2026-10-03 23:32:15.694 [http-nio-8080-exec-7] DEBUG c.m.m.C.selectList_mpCount - ==> Parameters: 
2026-10-03 23:32:15.702 [http-nio-8080-exec-7] DEBUG c.m.m.C.selectList_mpCount - <==      Total: 1
2026-10-03 23:32:15.702 [http-nio-8080-exec-2] DEBUG c.m.m.W.selectList_mpCount - <==      Total: 1
2026-10-03 23:32:15.703 [http-nio-8080-exec-7] DEBUG c.m.mapper.CitiesMapper.selectList - ==>  Preparing: SELECT id,name,chinese_name,country_id,is_capital,area,population,timezone,description,latitude,longitude,famous_for,best_season,created_at FROM cities LIMIT ?
2026-10-03 23:32:15.703 [http-nio-8080-exec-2] DEBUG c.m.m.W.selectList - ==>  Preparing: SELECT id,name,country,image,description,features,history,culture,tags,category,color FROM worldcharacteristics LIMIT ?
2026-10-03 23:32:15.703 [http-nio-8080-exec-2] DEBUG c.m.m.W.selectList - ==> Parameters: 10(Long)
2026-10-03 23:32:15.703 [http-nio-8080-exec-7] DEBUG c.m.mapper.CitiesMapper.selectList - ==> Parameters: 10(Long)
2026-10-03 23:32:15.705 [http-nio-8080-exec-2] DEBUG c.m.m.W.selectList - <==      Total: 10
2026-10-03 23:32:15.706 [http-nio-8080-exec-7] DEBUG c.m.mapper.CitiesMapper.selectList - <==      Total: 10
2026-10-03 23:32:15.717 [http-nio-8080-exec-8] DEBUG c.m.m.M.getRecommendationsByMonthName - ==>  Preparing: SELECT r.* FROM monthly_recommendations r INNER JOIN months m ON r.month_id = m.id WHERE m.month_name = ? AND r.is_recommended = 1 ORDER BY r.sort_order
2026-10-03 23:32:15.718 [http-nio-8080-exec-8] DEBUG c.m.m.M.getRecommendationsByMonthName - ==> Parameters: 一月(String)
2026-10-03 23:32:15.720 [http-nio-8080-exec-8] DEBUG c.m.m.M.getRecommendationsByMonthName - <==      Total: 3
2026-10-03 23:32:26.243 [http-nio-8080-exec-4] DEBUG c.m.m.CarouselsMapper.selectList - ==>  Preparing: SELECT id,title,subtitle,image_url,mobile_image_url,thumbnail_url,link_type,link_url,link_target,target_id,button_text,button_color,text_color,text_shadow,overlay_color,overlay_opacity,position,device_type,user_type,start_time,end_time,is_always_show,click_count,impression_count,sort_order,is_active,is_deleted,remark,created_by,created_at,updated_at FROM carousels WHERE (position = ? AND is_active = ? AND (is_deleted = ? OR is_deleted IS NULL) AND (is_always_show = ? OR (start_time <= ? AND end_time >= ?)))
2026-10-03 23:32:26.244 [http-nio-8080-exec-4] DEBUG c.m.m.CarouselsMapper.selectList - ==> Parameters: hotel(String), true(Boolean), false(Boolean), true(Boolean), 2026-10-03T23:32:26.241015400(LocalDateTime), 2026-10-03T23:32:26.241015400(LocalDateTime)
2026-10-03 23:32:26.247 [http-nio-8080-exec-4] DEBUG c.m.m.CarouselsMapper.selectList - <==      Total: 2
2026-10-03 23:32:26.253 [http-nio-8080-exec-10] DEBUG c.m.m.HotelMapper.selectList_mpCount - ==>  Preparing: SELECT COUNT(*) AS total FROM hotel
2026-10-03 23:32:26.254 [http-nio-8080-exec-10] DEBUG c.m.m.HotelMapper.selectList_mpCount - ==> Parameters: 
2026-10-03 23:32:26.257 [http-nio-8080-exec-10] DEBUG c.m.m.HotelMapper.selectList_mpCount - <==      Total: 1
2026-10-03 23:32:26.257 [http-nio-8080-exec-10] DEBUG c.m.mapper.HotelMapper.selectList - ==>  Preparing: SELECT id,name,city,province,address,description,cover_image,images,price,star_level,rating,like_count,collect_count,comment_count,facilities,status,create_time,update_time FROM hotel ORDER BY create_time DESC LIMIT ?
2026-10-03 23:32:26.258 [http-nio-8080-exec-10] DEBUG c.m.mapper.HotelMapper.selectList - ==> Parameters: 10(Long)
2026-10-03 23:32:26.260 [http-nio-8080-exec-10] DEBUG c.m.mapper.HotelMapper.selectList - <==      Total: 10
2026-10-03 23:32:26.262 [http-nio-8080-exec-10] DEBUG c.m.m.HotelRoomMapper.selectList - ==>  Preparing: SELECT id,hotel_id,name,description,facilities,price,status,create_time,update_time FROM hotel_room WHERE (hotel_id IN (?,?,?,?,?,?,?,?,?,?) AND status = ?)
2026-10-03 23:32:26.264 [http-nio-8080-exec-10] DEBUG c.m.m.HotelRoomMapper.selectList - ==> Parameters: 4(Long), 5(Long), 6(Long), 7(Long), 8(Long), 9(Long), 10(Long), 11(Long), 12(Long), 13(Long), 1(Integer)
2026-10-03 23:32:26.277 [http-nio-8080-exec-10] DEBUG c.m.m.HotelRoomMapper.selectList - <==      Total: 7
2026-10-03 23:32:26.278 [http-nio-8080-exec-10] DEBUG c.m.m.HotelFacilityMapper.selectList - ==>  Preparing: SELECT id,hotel_id,facility_name,icon,status,create_time,update_time FROM hotel_facility WHERE (hotel_id IN (?,?,?,?,?,?,?,?,?,?) AND status = ?)
2026-10-03 23:32:26.282 [http-nio-8080-exec-10] DEBUG c.m.m.HotelFacilityMapper.selectList - ==> Parameters: 4(Long), 5(Long), 6(Long), 7(Long), 8(Long), 9(Long), 10(Long), 11(Long), 12(Long), 13(Long), 1(Integer)
2026-10-03 23:32:26.295 [http-nio-8080-exec-10] DEBUG c.m.m.HotelFacilityMapper.selectList - <==      Total: 25
2026-10-03 23:32:28.965 [http-nio-8080-exec-6] DEBUG c.m.mapper.HotelMapper.selectById - ==>  Preparing: SELECT id,name,city,province,address,description,cover_image,images,price,star_level,rating,like_count,collect_count,comment_count,facilities,status,create_time,update_time FROM hotel WHERE id=?
2026-10-03 23:32:28.967 [http-nio-8080-exec-6] DEBUG c.m.mapper.HotelMapper.selectById - ==> Parameters: 4(Long)
2026-10-03 23:32:28.970 [http-nio-8080-exec-6] DEBUG c.m.mapper.HotelMapper.selectById - <==      Total: 1
2026-10-03 23:32:28.974 [http-nio-8080-exec-6] DEBUG c.m.m.HotelRoomMapper.selectList - ==>  Preparing: SELECT id,hotel_id,name,description,facilities,price,status,create_time,update_time FROM hotel_room WHERE (hotel_id = ? AND status = ?)
2026-10-03 23:32:28.975 [http-nio-8080-exec-6] DEBUG c.m.m.HotelRoomMapper.selectList - ==> Parameters: 4(Long), 1(Integer)
2026-10-03 23:32:28.977 [http-nio-8080-exec-6] DEBUG c.m.m.HotelRoomMapper.selectList - <==      Total: 1
2026-10-03 23:32:28.980 [http-nio-8080-exec-6] DEBUG c.m.m.HotelFacilityMapper.selectList - ==>  Preparing: SELECT id,hotel_id,facility_name,icon,status,create_time,update_time FROM hotel_facility WHERE (hotel_id = ? AND status = ?)
2026-10-03 23:32:28.981 [http-nio-8080-exec-6] DEBUG c.m.m.HotelFacilityMapper.selectList - ==> Parameters: 4(Long), 1(Integer)
2026-10-03 23:32:28.982 [http-nio-8080-exec-6] DEBUG c.m.m.HotelFacilityMapper.selectList - <==      Total: 1
2026-10-03 23:32:31.497 [http-nio-8080-exec-9] DEBUG c.m.mapper.HotelMapper.selectById - ==>  Preparing: SELECT id,name,city,province,address,description,cover_image,images,price,star_level,rating,like_count,collect_count,comment_count,facilities,status,create_time,update_time FROM hotel WHERE id=?
2026-10-03 23:32:31.498 [http-nio-8080-exec-9] DEBUG c.m.mapper.HotelMapper.selectById - ==> Parameters: 4(Long)
2026-10-03 23:32:31.499 [http-nio-8080-exec-9] DEBUG c.m.mapper.HotelMapper.selectById - <==      Total: 1
2026-10-03 23:32:31.501 [http-nio-8080-exec-9] DEBUG c.m.m.HotelRoomMapper.selectList - ==>  Preparing: SELECT id,hotel_id,name,description,facilities,price,status,create_time,update_time FROM hotel_room WHERE (hotel_id = ? AND status = ?)
2026-10-03 23:32:31.501 [http-nio-8080-exec-9] DEBUG c.m.m.HotelRoomMapper.selectList - ==> Parameters: 4(Long), 1(Integer)
2026-10-03 23:32:31.502 [http-nio-8080-exec-9] DEBUG c.m.m.HotelRoomMapper.selectList - <==      Total: 1
2026-10-03 23:32:31.503 [http-nio-8080-exec-9] DEBUG c.m.m.HotelFacilityMapper.selectList - ==>  Preparing: SELECT id,hotel_id,facility_name,icon,status,create_time,update_time FROM hotel_facility WHERE (hotel_id = ? AND status = ?)
2026-10-03 23:32:31.504 [http-nio-8080-exec-9] DEBUG c.m.m.HotelFacilityMapper.selectList - ==> Parameters: 4(Long), 1(Integer)
2026-10-03 23:32:31.505 [http-nio-8080-exec-9] DEBUG c.m.m.HotelFacilityMapper.selectList - <==      Total: 1
2026-10-03 23:32:38.723 [http-nio-8080-exec-10] DEBUG c.m.m.CarouselsMapper.selectList - ==>  Preparing: SELECT id,title,subtitle,image_url,mobile_image_url,thumbnail_url,link_type,link_url,link_target,target_id,button_text,button_color,text_color,text_shadow,overlay_color,overlay_opacity,position,device_type,user_type,start_time,end_time,is_always_show,click_count,impression_count,sort_order,is_active,is_deleted,remark,created_by,created_at,updated_at FROM carousels WHERE (position = ? AND is_active = ? AND (is_deleted = ? OR is_deleted IS NULL) AND (is_always_show = ? OR (start_time <= ? AND end_time >= ?)))
2026-10-03 23:32:38.724 [http-nio-8080-exec-10] DEBUG c.m.m.CarouselsMapper.selectList - ==> Parameters: hotel(String), true(Boolean), false(Boolean), true(Boolean), 2026-10-03T23:32:38.722884200(LocalDateTime), 2026-10-03T23:32:38.722884200(LocalDateTime)
2026-10-03 23:32:38.725 [http-nio-8080-exec-2] DEBUG c.m.m.HotelMapper.selectList_mpCount - ==>  Preparing: SELECT COUNT(*) AS total FROM hotel
2026-10-03 23:32:38.726 [http-nio-8080-exec-2] DEBUG c.m.m.HotelMapper.selectList_mpCount - ==> Parameters: 
2026-10-03 23:32:38.726 [http-nio-8080-exec-10] DEBUG c.m.m.CarouselsMapper.selectList - <==      Total: 2
2026-10-03 23:32:38.726 [http-nio-8080-exec-2] DEBUG c.m.m.HotelMapper.selectList_mpCount - <==      Total: 1
2026-10-03 23:32:38.727 [http-nio-8080-exec-2] DEBUG c.m.mapper.HotelMapper.selectList - ==>  Preparing: SELECT id,name,city,province,address,description,cover_image,images,price,star_level,rating,like_count,collect_count,comment_count,facilities,status,create_time,update_time FROM hotel ORDER BY create_time DESC LIMIT ?
2026-10-03 23:32:38.728 [http-nio-8080-exec-2] DEBUG c.m.mapper.HotelMapper.selectList - ==> Parameters: 10(Long)
2026-10-03 23:32:38.730 [http-nio-8080-exec-2] DEBUG c.m.mapper.HotelMapper.selectList - <==      Total: 10
2026-10-03 23:32:38.732 [http-nio-8080-exec-2] DEBUG c.m.m.HotelRoomMapper.selectList - ==>  Preparing: SELECT id,hotel_id,name,description,facilities,price,status,create_time,update_time FROM hotel_room WHERE (hotel_id IN (?,?,?,?,?,?,?,?,?,?) AND status = ?)
2026-10-03 23:32:38.734 [http-nio-8080-exec-2] DEBUG c.m.m.HotelRoomMapper.selectList - ==> Parameters: 4(Long), 5(Long), 6(Long), 7(Long), 8(Long), 9(Long), 10(Long), 11(Long), 12(Long), 13(Long), 1(Integer)
2026-10-03 23:32:38.736 [http-nio-8080-exec-2] DEBUG c.m.m.HotelRoomMapper.selectList - <==      Total: 7
2026-10-03 23:32:38.738 [http-nio-8080-exec-2] DEBUG c.m.m.HotelFacilityMapper.selectList - ==>  Preparing: SELECT id,hotel_id,facility_name,icon,status,create_time,update_time FROM hotel_facility WHERE (hotel_id IN (?,?,?,?,?,?,?,?,?,?) AND status = ?)
2026-10-03 23:32:38.741 [http-nio-8080-exec-2] DEBUG c.m.m.HotelFacilityMapper.selectList - ==> Parameters: 4(Long), 5(Long), 6(Long), 7(Long), 8(Long), 9(Long), 10(Long), 11(Long), 12(Long), 13(Long), 1(Integer)
2026-10-03 23:32:38.745 [http-nio-8080-exec-2] DEBUG c.m.m.HotelFacilityMapper.selectList - <==      Total: 25
2026-10-03 23:32:40.580 [http-nio-8080-exec-1] DEBUG c.m.m.CarouselsMapper.selectList - ==>  Preparing: SELECT id,title,subtitle,image_url,mobile_image_url,thumbnail_url,link_type,link_url,link_target,target_id,button_text,button_color,text_color,text_shadow,overlay_color,overlay_opacity,position,device_type,user_type,start_time,end_time,is_always_show,click_count,impression_count,sort_order,is_active,is_deleted,remark,created_by,created_at,updated_at FROM carousels WHERE (position = ? AND is_active = ? AND (is_deleted = ? OR is_deleted IS NULL) AND (is_always_show = ? OR (start_time <= ? AND end_time >= ?)))
2026-10-03 23:32:40.581 [http-nio-8080-exec-1] DEBUG c.m.m.CarouselsMapper.selectList - ==> Parameters: food(String), true(Boolean), false(Boolean), true(Boolean), 2026-10-03T23:32:40.580852200(LocalDateTime), 2026-10-03T23:32:40.580852200(LocalDateTime)
2026-10-03 23:32:40.583 [http-nio-8080-exec-7] DEBUG c.m.m.FoodMapper.selectList_mpCount - ==>  Preparing: SELECT COUNT(*) AS total FROM food
2026-10-03 23:32:40.584 [http-nio-8080-exec-1] DEBUG c.m.m.CarouselsMapper.selectList - <==      Total: 3
2026-10-03 23:32:40.584 [http-nio-8080-exec-7] DEBUG c.m.m.FoodMapper.selectList_mpCount - ==> Parameters: 
2026-10-03 23:32:40.594 [http-nio-8080-exec-7] DEBUG c.m.m.FoodMapper.selectList_mpCount - <==      Total: 1
2026-10-03 23:32:40.594 [http-nio-8080-exec-7] DEBUG c.m.mapper.FoodMapper.selectList - ==>  Preparing: SELECT id,name,city,province,address,description,cover_image,images,price,cuisine_type,rating,like_count,collect_count,comment_count,tags,commodity,status,create_time,update_time FROM food ORDER BY create_time DESC LIMIT ?
2026-10-03 23:32:40.596 [http-nio-8080-exec-7] DEBUG c.m.mapper.FoodMapper.selectList - ==> Parameters: 10(Long)
2026-10-03 23:32:40.597 [http-nio-8080-exec-7] DEBUG c.m.mapper.FoodMapper.selectList - <==      Total: 10
2026-10-03 23:32:42.135 [http-nio-8080-exec-2] DEBUG c.m.mapper.FoodMapper.selectById - ==>  Preparing: SELECT id,name,city,province,address,description,cover_image,images,price,cuisine_type,rating,like_count,collect_count,comment_count,tags,commodity,status,create_time,update_time FROM food WHERE id=?
2026-10-03 23:32:42.137 [http-nio-8080-exec-2] DEBUG c.m.mapper.FoodMapper.selectById - ==> Parameters: 3(Long)
2026-10-03 23:32:42.139 [http-nio-8080-exec-2] DEBUG c.m.mapper.FoodMapper.selectById - <==      Total: 1
2026-10-03 23:32:43.384 [http-nio-8080-exec-1] DEBUG c.m.mapper.OrderMapper.selectList - ==>  Preparing: SELECT id,user_id,order_no,item_type,item_id,item_name,image,amount,quantity,remark,status,create_time,update_time FROM orders WHERE (order_no LIKE ?) ORDER BY order_no DESC LIMIT 1
2026-10-03 23:32:43.385 [http-nio-8080-exec-1] DEBUG c.m.mapper.OrderMapper.selectList - ==> Parameters: %20261003%(String)
2026-10-03 23:32:43.395 [http-nio-8080-exec-1] DEBUG c.m.mapper.OrderMapper.selectList - <==      Total: 0
2026-10-03 23:32:43.400 [http-nio-8080-exec-1] DEBUG c.m.mapper.OrderMapper.insert - ==>  Preparing: INSERT INTO orders ( order_no, item_type, item_id, item_name, image, amount, quantity, remark, status, create_time, update_time ) VALUES ( ?, ?, ?, ?, ?, ?, ?, ?, ?, ?, ? )
2026-10-03 23:32:43.403 [http-nio-8080-exec-1] DEBUG c.m.mapper.OrderMapper.insert - ==> Parameters: 202610030001(String), food(String), 3(Long), 北京烤鸭(String), http://localhost:8080/upload/ed071f0c-f397-4e79-984e-81b2abc8df9c.png(String), 268(BigDecimal), 1(Integer), (String), 0(String), 2026-10-03T23:32:43.396631800(LocalDateTime), 2026-10-03T23:32:43.396631800(LocalDateTime)
2026-10-03 23:32:43.752 [log-async-1] DEBUG c.m.mapper.OperationLogMapper.insert - ==>  Preparing: INSERT INTO operation_logs ( username, operation_type, operation_desc, ip_address, user_agent, request_uri, request_method, request_params, execution_time, status, error_msg, browser, os, created_at, updated_at ) VALUES ( ?, ?, ?, ?, ?, ?, ?, ?, ?, ?, ?, ?, ?, ?, ? )
2026-10-03 23:32:43.754 [log-async-1] DEBUG c.m.mapper.OperationLogMapper.insert - ==> Parameters: anonymousUser(String), ADD(String), OrderController.createOrder(String), 0:0:0:0:0:0:0:1(String), Mozilla/5.0 (Windows NT 10.0; Win64; x64) AppleWebKit/537.36 (KHTML, like Gecko) Chrome/154.0.0.0 Safari/537.36(String), /api/order/create(String), POST(String), [{"amount":268,"image":"http://localhost:8080/upload/ed071f0c-f397-4e79-984e-81b2abc8df9c.png","itemId":3,"itemName":"北京烤鸭","itemType":"food","quantity":1,"remark":""}](String), 123(Long), 0(Integer), 
### Error updating database.  Cause: java.sql.SQLException: Field 'user_id' doesn't have a default value
### The error may exist in com/minecraft/mapper/OrderMapper.java (best guess)
### The error may involve com.minecraft.mapper.OrderMapper.insert-Inline
### The error occurred while setting parameters
### SQL: INSERT INTO orders  ( order_no, item_type, item_id, item_name, image, amount, quantity, remark, status, create_time, update_time )  VALUES  ( ?, ?, ?, ?, ?, ?, ?, ?, ?, ?, ? )
### Cause: java.sql.SQLException: Field 'user_id' doesn't have a default value
; Field 'user_id' doesn't have a default value(String), Chrome(String), Windows(String), 2026-10-03T23:32:43.750024800(LocalDateTime), 2026-10-03T23:32:43.751028200(LocalDateTime)
2026-10-03 23:32:43.756 [http-nio-8080-exec-1] DEBUG c.m.mapper.SystemLogMapper.insert - ==>  Preparing: INSERT INTO system_log ( trace_id, username, user_ip, user_agent, request_id, log_level, log_type, module, action, content, request_url, request_method, status, error_stack, server_host, server_port, created_at ) VALUES ( ?, ?, ?, ?, ?, ?, ?, ?, ?, ?, ?, ?, ?, ?, ?, ?, ? )
2026-10-03 23:32:43.758 [http-nio-8080-exec-1] DEBUG c.m.mapper.SystemLogMapper.insert - ==> Parameters: a1c6755671d648c18ec65bdf72a5934a(String), anonymousUser(String), 0:0:0:0:0:0:0:1(String), Mozilla/5.0 (Windows NT 10.0; Win64; x64) AppleWebKit/537.36 (KHTML, like Gecko) Chrome/154.0.0.0 Safari/537.36(String), d9fe735e4f534b6e868e269092b71651(String), ERROR(String), SYSTEM(String), 全局(String), 系统异常(String), 系统异常：
### Error updating database.  Cause: java.sql.SQLException: Field 'user_id' doesn't have a default value
### The error may exist in com/minecraft/mapper/OrderMapper.java (best guess)
### The error may involve com.minecraft.mapper.OrderMapper.insert-Inline
### The error occurred while setting parameters
### SQL: INSERT INTO orders  ( order_no, item_type, item_id, item_name, image, amount, quantity, remark, status, create_time, update_time )  VALUES  ( ?, ?, ?, ?, ?, ?, ?, ?, ?, ?, ? )
### Cause: java.sql.SQLException: Field 'user_id' doesn't have a default value
; Field 'user_id' doesn't have a default value(String), /api/order/create(String), POST(String), ERROR(String), org.springframework.dao.DataIntegrityViolationException: 
### Error updating database.  Cause: java.sql.SQLException: Field 'user_id' doesn't have a default value
### The error may exist in com/minecraft/mapper/OrderMapper.java (best guess)
### The error may involve com.minecraft.mapper.OrderMapper.insert-Inline
### The error occurred while setting parameters
### SQL: INSERT INTO orders  ( order_no, item_type, item_id, item_name, image, amount, quantity, remark, status, create_time, update_time )  VALUES  ( ?, ?, ?, ?, ?, ?, ?, ?, ?, ?, ? )
### Cause: java.sql.SQLException: Field 'user_id' doesn't have a default value
; Field 'user_id' doesn't have a default value
	at org.springframework.jdbc.support.SQLErrorCodeSQLExceptionTranslator.doTranslate(SQLErrorCodeSQLExceptionTranslator.java:257)
	at org.springframework.jdbc.support.AbstractFallbackSQLExceptionTranslator.translate(AbstractFallbackSQLExceptionTranslator.java:70)
	at org.mybatis.spring.MyBatisExceptionTranslator.translateExceptionIfPossible(MyBatisExceptionTranslator.java:92)
	at org.mybatis.spring.SqlSessionTemplate$SqlSessionInterceptor.invoke(SqlSessionTemplate.java:439)
	at jdk.proxy2/jdk.proxy2.$Proxy133.insert(Unknown Source)
	at org.mybatis.spring.SqlSessionTemplate.insert(SqlSessionTemplate.java:272)
	at com.baomidou.mybatisplus.core.override.MybatisMapperMethod.execute(MybatisMapperMethod.java:59)
	at com.baomidou.mybatisplus.core.override.MybatisMapperProxy$PlainMethodInvoker.invoke(MybatisMapperProxy.java:148)
	at com.baomidou.mybatisplus.core.override.MybatisMapperProxy.invoke(MybatisMapperProxy.java:89)
	at jdk.proxy2/jdk.proxy2.$Proxy212.insert(Unknown Source)
	at com.baomidou.mybatisplus.extension.service.IService.save(IService.java:60)
	at com.minecraft.service.impl.OrderServiceImpl.createOrder(OrderServiceImpl.java:42)
	at java.base/jdk.internal.reflect.DirectMethodHandleAccessor.invoke(DirectMethodHandleAccessor.java:103)
	at java.base/java.lang.reflect.Method.invoke(Method.java:580)
	at org.springframework.aop.support.AopUtils.invokeJoinpointUsingReflection(AopUtils.java:343)
	at org.springframework.aop.framework.CglibAopProxy$DynamicAdvisedInterceptor.intercept(CglibAopProxy.java:699)
	at com.minecraft.service.impl.OrderServiceImpl$$SpringCGLIB$$0.createOrder(<generated>)
	at com.minecraft.controller.OrderController.createOrder(OrderController.java:27)
	at java.base/jdk.internal.reflect.DirectMethodHandleAccessor.invoke(DirectMethodHandleAccessor.java:103)
	at java.base/java.lang.reflect.Method.invoke(Method.java:580)
	at org.springframework.aop.support.AopUtils.invokeJoinpointUsingReflection(AopUtils.java:343)
	at org.springframework.aop.framework.ReflectiveMethodInvocation.invokeJoinpoint(ReflectiveMethodInvocation.java:196)
	at org.springframework.aop.framework.ReflectiveMethodInvocation.proceed(ReflectiveMethodInvocation.java:163)
	at org.springframework.aop.framework.CglibAopProxy$CglibMethodInvocation.proceed(CglibAopProxy.java:752)
	at org.springframework.aop.aspectj.MethodInvocationProceedingJoinPoint.proceed(MethodInvocationProceedingJoinPoint.java:89)
	at com.minecraft.aspect.LogAspect.around(LogAspect.java:68)
	at java.base/jdk.internal.reflect.DirectMethodHandleAccessor.invoke(DirectMethodHandleAccessor.java:103)
	at java.base/java.lang.reflect.Method.invoke(Method.java:580)
	at org.springframework.aop.aspectj.AbstractAspectJAdvice.invokeAdviceMethodWithGivenArgs(AbstractAspectJAdvice.java:633)
	at org.springframework.aop.aspectj.AbstractAspectJAdvice.invokeAdviceMethod(AbstractAspectJAdvice.java:623)
	at org.springframework.aop.aspectj.AspectJAroundAdvice.invoke(AspectJAroundAdvice.java:71)
	at org.springframework.aop.framework.ReflectiveMethodInvocation.proceed(ReflectiveMethodInvocation.java:173)
	at org.springframework.aop.framework.CglibAopProxy$CglibMethodInvocation.proceed(CglibAopProxy.java:752)
	at org.springframework.aop.interceptor.ExposeInvocationInterceptor.invoke(ExposeInvocationInte(String), DESKTOP-JE62AKO(String), 8080(Integer), 2026-10-03T23:32:43.754112200(LocalDateTime)
2026-10-03 23:32:43.764 [http-nio-8080-exec-1] DEBUG c.m.mapper.SystemLogMapper.insert - <==    Updates: 1
2026-10-03 23:32:43.769 [log-async-1] DEBUG c.m.mapper.OperationLogMapper.insert - <==    Updates: 1
2026-10-03 23:32:47.323 [http-nio-8080-exec-7] DEBUG c.m.mapper.FoodMapper.selectById - ==>  Preparing: SELECT id,name,city,province,address,description,cover_image,images,price,cuisine_type,rating,like_count,collect_count,comment_count,tags,commodity,status,create_time,update_time FROM food WHERE id=?
2026-10-03 23:32:47.323 [http-nio-8080-exec-7] DEBUG c.m.mapper.FoodMapper.selectById - ==> Parameters: 3(Long)
2026-10-03 23:32:47.325 [http-nio-8080-exec-7] DEBUG c.m.mapper.FoodMapper.selectById - <==      Total: 1
2026-10-03 23:32:49.078 [http-nio-8080-exec-3] DEBUG c.m.mapper.OrderMapper.selectList - ==>  Preparing: SELECT id,user_id,order_no,item_type,item_id,item_name,image,amount,quantity,remark,status,create_time,update_time FROM orders WHERE (order_no LIKE ?) ORDER BY order_no DESC LIMIT 1
2026-10-03 23:32:49.079 [http-nio-8080-exec-3] DEBUG c.m.mapper.OrderMapper.selectList - ==> Parameters: %20261003%(String)
2026-10-03 23:32:49.080 [http-nio-8080-exec-3] DEBUG c.m.mapper.OrderMapper.selectList - <==      Total: 0
2026-10-03 23:32:49.080 [http-nio-8080-exec-3] DEBUG c.m.mapper.OrderMapper.insert - ==>  Preparing: INSERT INTO orders ( order_no, item_type, item_id, item_name, image, amount, quantity, remark, status, create_time, update_time ) VALUES ( ?, ?, ?, ?, ?, ?, ?, ?, ?, ?, ? )
2026-10-03 23:32:49.081 [http-nio-8080-exec-3] DEBUG c.m.mapper.OrderMapper.insert - ==> Parameters: 202610030001(String), food(String), 3(Long), 北京烤鸭(String), http://localhost:8080/upload/ed071f0c-f397-4e79-984e-81b2abc8df9c.png(String), 268(BigDecimal), 1(Integer), (String), 0(String), 2026-10-03T23:32:49.080048500(LocalDateTime), 2026-10-03T23:32:49.080048500(LocalDateTime)
2026-10-03 23:32:49.084 [log-async-2] DEBUG c.m.mapper.OperationLogMapper.insert - ==>  Preparing: INSERT INTO operation_logs ( username, operation_type, operation_desc, ip_address, user_agent, request_uri, request_method, request_params, execution_time, status, error_msg, browser, os, created_at, updated_at ) VALUES ( ?, ?, ?, ?, ?, ?, ?, ?, ?, ?, ?, ?, ?, ?, ? )
2026-10-03 23:32:49.085 [log-async-2] DEBUG c.m.mapper.OperationLogMapper.insert - ==> Parameters: anonymousUser(String), ADD(String), OrderController.createOrder(String), 0:0:0:0:0:0:0:1(String), Mozilla/5.0 (Windows NT 10.0; Win64; x64) AppleWebKit/537.36 (KHTML, like Gecko) Chrome/154.0.0.0 Safari/537.36(String), /api/order/create(String), POST(String), [{"amount":268,"image":"http://localhost:8080/upload/ed071f0c-f397-4e79-984e-81b2abc8df9c.png","itemId":3,"itemName":"北京烤鸭","itemType":"food","quantity":1,"remark":""}](String), 6(Long), 0(Integer), 
### Error updating database.  Cause: java.sql.SQLException: Field 'user_id' doesn't have a default value
### The error may exist in com/minecraft/mapper/OrderMapper.java (best guess)
### The error may involve com.minecraft.mapper.OrderMapper.insert-Inline
### The error occurred while setting parameters
### SQL: INSERT INTO orders  ( order_no, item_type, item_id, item_name, image, amount, quantity, remark, status, create_time, update_time )  VALUES  ( ?, ?, ?, ?, ?, ?, ?, ?, ?, ?, ? )
### Cause: java.sql.SQLException: Field 'user_id' doesn't have a default value
; Field 'user_id' doesn't have a default value(String), Chrome(String), Windows(String), 2026-10-03T23:32:49.083567400(LocalDateTime), 2026-10-03T23:32:49.084574600(LocalDateTime)
2026-10-03 23:32:49.086 [http-nio-8080-exec-3] DEBUG c.m.mapper.SystemLogMapper.insert - ==>  Preparing: INSERT INTO system_log ( trace_id, username, user_ip, user_agent, request_id, log_level, log_type, module, action, content, request_url, request_method, status, error_stack, server_host, server_port, created_at ) VALUES ( ?, ?, ?, ?, ?, ?, ?, ?, ?, ?, ?, ?, ?, ?, ?, ?, ? )
2026-10-03 23:32:49.086 [http-nio-8080-exec-3] DEBUG c.m.mapper.SystemLogMapper.insert - ==> Parameters: 9ade7189a544448f9358838d3abd188d(String), anonymousUser(String), 0:0:0:0:0:0:0:1(String), Mozilla/5.0 (Windows NT 10.0; Win64; x64) AppleWebKit/537.36 (KHTML, like Gecko) Chrome/154.0.0.0 Safari/537.36(String), 76c2c0c3ecfe45e2988f603d06b4a41f(String), ERROR(String), SYSTEM(String), 全局(String), 系统异常(String), 系统异常：
### Error updating database.  Cause: java.sql.SQLException: Field 'user_id' doesn't have a default value
### The error may exist in com/minecraft/mapper/OrderMapper.java (best guess)
### The error may involve com.minecraft.mapper.OrderMapper.insert-Inline
### The error occurred while setting parameters
### SQL: INSERT INTO orders  ( order_no, item_type, item_id, item_name, image, amount, quantity, remark, status, create_time, update_time )  VALUES  ( ?, ?, ?, ?, ?, ?, ?, ?, ?, ?, ? )
### Cause: java.sql.SQLException: Field 'user_id' doesn't have a default value
; Field 'user_id' doesn't have a default value(String), /api/order/create(String), POST(String), ERROR(String), org.springframework.dao.DataIntegrityViolationException: 
### Error updating database.  Cause: java.sql.SQLException: Field 'user_id' doesn't have a default value
### The error may exist in com/minecraft/mapper/OrderMapper.java (best guess)
### The error may involve com.minecraft.mapper.OrderMapper.insert-Inline
### The error occurred while setting parameters
### SQL: INSERT INTO orders  ( order_no, item_type, item_id, item_name, image, amount, quantity, remark, status, create_time, update_time )  VALUES  ( ?, ?, ?, ?, ?, ?, ?, ?, ?, ?, ? )
### Cause: java.sql.SQLException: Field 'user_id' doesn't have a default value
; Field 'user_id' doesn't have a default value
	at org.springframework.jdbc.support.SQLErrorCodeSQLExceptionTranslator.doTranslate(SQLErrorCodeSQLExceptionTranslator.java:257)
	at org.springframework.jdbc.support.AbstractFallbackSQLExceptionTranslator.translate(AbstractFallbackSQLExceptionTranslator.java:70)
	at org.mybatis.spring.MyBatisExceptionTranslator.translateExceptionIfPossible(MyBatisExceptionTranslator.java:92)
	at org.mybatis.spring.SqlSessionTemplate$SqlSessionInterceptor.invoke(SqlSessionTemplate.java:439)
	at jdk.proxy2/jdk.proxy2.$Proxy133.insert(Unknown Source)
	at org.mybatis.spring.SqlSessionTemplate.insert(SqlSessionTemplate.java:272)
	at com.baomidou.mybatisplus.core.override.MybatisMapperMethod.execute(MybatisMapperMethod.java:59)
	at com.baomidou.mybatisplus.core.override.MybatisMapperProxy$PlainMethodInvoker.invoke(MybatisMapperProxy.java:148)
	at com.baomidou.mybatisplus.core.override.MybatisMapperProxy.invoke(MybatisMapperProxy.java:89)
	at jdk.proxy2/jdk.proxy2.$Proxy212.insert(Unknown Source)
	at com.baomidou.mybatisplus.extension.service.IService.save(IService.java:60)
	at com.minecraft.service.impl.OrderServiceImpl.createOrder(OrderServiceImpl.java:42)
	at java.base/jdk.internal.reflect.DirectMethodHandleAccessor.invoke(DirectMethodHandleAccessor.java:103)
	at java.base/java.lang.reflect.Method.invoke(Method.java:580)
	at org.springframework.aop.support.AopUtils.invokeJoinpointUsingReflection(AopUtils.java:343)
	at org.springframework.aop.framework.CglibAopProxy$DynamicAdvisedInterceptor.intercept(CglibAopProxy.java:699)
	at com.minecraft.service.impl.OrderServiceImpl$$SpringCGLIB$$0.createOrder(<generated>)
	at com.minecraft.controller.OrderController.createOrder(OrderController.java:27)
	at java.base/jdk.internal.reflect.DirectMethodHandleAccessor.invoke(DirectMethodHandleAccessor.java:103)
	at java.base/java.lang.reflect.Method.invoke(Method.java:580)
	at org.springframework.aop.support.AopUtils.invokeJoinpointUsingReflection(AopUtils.java:343)
	at org.springframework.aop.framework.ReflectiveMethodInvocation.invokeJoinpoint(ReflectiveMethodInvocation.java:196)
	at org.springframework.aop.framework.ReflectiveMethodInvocation.proceed(ReflectiveMethodInvocation.java:163)
	at org.springframework.aop.framework.CglibAopProxy$CglibMethodInvocation.proceed(CglibAopProxy.java:752)
	at org.springframework.aop.aspectj.MethodInvocationProceedingJoinPoint.proceed(MethodInvocationProceedingJoinPoint.java:89)
	at com.minecraft.aspect.LogAspect.around(LogAspect.java:68)
	at java.base/jdk.internal.reflect.DirectMethodHandleAccessor.invoke(DirectMethodHandleAccessor.java:103)
	at java.base/java.lang.reflect.Method.invoke(Method.java:580)
	at org.springframework.aop.aspectj.AbstractAspectJAdvice.invokeAdviceMethodWithGivenArgs(AbstractAspectJAdvice.java:633)
	at org.springframework.aop.aspectj.AbstractAspectJAdvice.invokeAdviceMethod(AbstractAspectJAdvice.java:623)
	at org.springframework.aop.aspectj.AspectJAroundAdvice.invoke(AspectJAroundAdvice.java:71)
	at org.springframework.aop.framework.ReflectiveMethodInvocation.proceed(ReflectiveMethodInvocation.java:173)
	at org.springframework.aop.framework.CglibAopProxy$CglibMethodInvocation.proceed(CglibAopProxy.java:752)
	at org.springframework.aop.interceptor.ExposeInvocationInterceptor.invoke(ExposeInvocationInte(String), DESKTOP-JE62AKO(String), 8080(Integer), 2026-10-03T23:32:49.084574600(LocalDateTime)
2026-10-03 23:32:49.089 [log-async-2] DEBUG c.m.mapper.OperationLogMapper.insert - <==    Updates: 1
2026-10-03 23:32:49.091 [http-nio-8080-exec-3] DEBUG c.m.mapper.SystemLogMapper.insert - <==    Updates: 1
2026-10-03 23:34:02.378 [http-nio-8080-exec-1] DEBUG c.m.mapper.UserMapper.selectById - ==>  Preparing: SELECT id,account,username,password,email,phone,avatar,gender,age,occupation,hobbies,bio,online,status,signature,nickname,experience,points,permissions,create_time,update_time FROM user WHERE id=?
2026-10-03 23:34:02.379 [http-nio-8080-exec-1] DEBUG c.m.mapper.UserMapper.selectById - ==> Parameters: 15(Long)
2026-10-03 23:34:02.393 [http-nio-8080-exec-1] DEBUG c.m.mapper.UserMapper.selectById - <==      Total: 1
2026-10-03 23:34:27.918 [http-nio-8080-exec-5] DEBUG c.m.mapper.UserMapper.selectList - ==>  Preparing: SELECT id,account,username,password,email,phone,avatar,gender,age,occupation,hobbies,bio,online,status,signature,nickname,experience,points,permissions,create_time,update_time FROM user
2026-10-03 23:34:27.920 [http-nio-8080-exec-5] DEBUG c.m.mapper.UserMapper.selectList - ==> Parameters: 
2026-10-03 23:34:27.921 [http-nio-8080-exec-5] DEBUG c.m.mapper.UserMapper.selectList - <==      Total: 5
2026-10-03 23:34:33.653 [http-nio-8080-exec-6] DEBUG c.m.mapper.UserMapper.selectList - ==>  Preparing: SELECT id,account,username,password,email,phone,avatar,gender,age,occupation,hobbies,bio,online,status,signature,nickname,experience,points,permissions,create_time,update_time FROM user WHERE (account = ?)
2026-10-03 23:34:33.654 [http-nio-8080-exec-6] DEBUG c.m.mapper.UserMapper.selectList - ==> Parameters: 20260219132871(String)
2026-10-03 23:34:33.655 [http-nio-8080-exec-6] DEBUG c.m.mapper.UserMapper.selectList - <==      Total: 1
2026-10-03 23:34:52.906 [http-nio-8080-exec-1] DEBUG c.m.mapper.UserMapper.selectList - ==>  Preparing: SELECT id,account,username,password,email,phone,avatar,gender,age,occupation,hobbies,bio,online,status,signature,nickname,experience,points,permissions,create_time,update_time FROM user WHERE (account = ?)
2026-10-03 23:34:52.907 [http-nio-8080-exec-1] DEBUG c.m.mapper.UserMapper.selectList - ==> Parameters: 20260219132871(String)
2026-10-03 23:34:52.909 [http-nio-8080-exec-1] DEBUG c.m.mapper.UserMapper.selectList - <==      Total: 1
2026-10-03 23:34:57.009 [log-async-3] DEBUG c.m.mapper.OperationLogMapper.insert - ==>  Preparing: INSERT INTO operation_logs ( username, operation_type, operation_desc, ip_address, user_agent, request_uri, request_method, request_params, execution_time, status, error_msg, browser, os, created_at, updated_at ) VALUES ( ?, ?, ?, ?, ?, ?, ?, ?, ?, ?, ?, ?, ?, ?, ? )
2026-10-03 23:34:57.011 [log-async-3] DEBUG c.m.mapper.OperationLogMapper.insert - ==> Parameters: anonymousUser(String), ADD(String), CaptchaController.genCaptcha(String), 0:0:0:0:0:0:0:1(String), Mozilla/5.0 (Windows NT 10.0; Win64; x64) AppleWebKit/537.36 (KHTML, like Gecko) Chrome/154.0.0.0 Safari/537.36(String), /api/captcha/gen(String), POST(String), [](String), 367(Long), 0(Integer), Unable to connect to Redis(String), Chrome(String), Windows(String), 2026-10-03T23:34:57.009356400(LocalDateTime), 2026-10-03T23:34:57.009891400(LocalDateTime)
2026-10-03 23:34:57.013 [http-nio-8080-exec-3] DEBUG c.m.mapper.SystemLogMapper.insert - ==>  Preparing: INSERT INTO system_log ( trace_id, username, user_ip, user_agent, request_id, log_level, log_type, module, action, content, request_url, request_method, status, error_stack, server_host, server_port, created_at ) VALUES ( ?, ?, ?, ?, ?, ?, ?, ?, ?, ?, ?, ?, ?, ?, ?, ?, ? )
2026-10-03 23:34:57.016 [log-async-3] DEBUG c.m.mapper.OperationLogMapper.insert - <==    Updates: 1
2026-10-03 23:34:57.016 [http-nio-8080-exec-3] DEBUG c.m.mapper.SystemLogMapper.insert - ==> Parameters: a239db9d5a654255a0b0493083571524(String), anonymousUser(String), 0:0:0:0:0:0:0:1(String), Mozilla/5.0 (Windows NT 10.0; Win64; x64) AppleWebKit/537.36 (KHTML, like Gecko) Chrome/154.0.0.0 Safari/537.36(String), 0783d7e566944d6f9ac9e48885472157(String), ERROR(String), SYSTEM(String), 全局(String), 系统异常(String), 系统异常：Unable to connect to Redis(String), /api/captcha/gen(String), POST(String), ERROR(String), org.springframework.data.redis.RedisConnectionFailureException: Unable to connect to Redis
	at org.springframework.data.redis.connection.lettuce.LettuceConnectionFactory$ExceptionTranslatingConnectionProvider.translateException(LettuceConnectionFactory.java:1602)
	at org.springframework.data.redis.connection.lettuce.LettuceConnectionFactory$ExceptionTranslatingConnectionProvider.getConnection(LettuceConnectionFactory.java:1533)
	at org.springframework.data.redis.connection.lettuce.LettuceConnectionFactory$SharedConnection.getNativeConnection(LettuceConnectionFactory.java:1358)
	at org.springframework.data.redis.connection.lettuce.LettuceConnectionFactory$SharedConnection.getConnection(LettuceConnectionFactory.java:1341)
	at org.springframework.data.redis.connection.lettuce.LettuceConnectionFactory.getSharedConnection(LettuceConnectionFactory.java:1059)
	at org.springframework.data.redis.connection.lettuce.LettuceConnectionFactory.getConnection(LettuceConnectionFactory.java:398)
	at org.springframework.data.redis.core.RedisConnectionUtils.fetchConnection(RedisConnectionUtils.java:193)
	at org.springframework.data.redis.core.RedisConnectionUtils.doGetConnection(RedisConnectionUtils.java:144)
	at org.springframework.data.redis.core.RedisConnectionUtils.getConnection(RedisConnectionUtils.java:105)
	at org.springframework.data.redis.core.RedisTemplate.execute(RedisTemplate.java:393)
	at org.springframework.data.redis.core.RedisTemplate.execute(RedisTemplate.java:373)
	at org.springframework.data.redis.core.AbstractOperations.execute(AbstractOperations.java:97)
	at org.springframework.data.redis.core.DefaultValueOperations.set(DefaultValueOperations.java:253)
	at cloud.tianai.captcha.spring.store.impl.RedisCacheStore.setCache(RedisCacheStore.java:52)
	at cloud.tianai.captcha.application.DefaultImageCaptchaApplication.cacheVerification(DefaultImageCaptchaApplication.java:255)
	at cloud.tianai.captcha.application.DefaultImageCaptchaApplication.convertToCaptchaResponse(DefaultImageCaptchaApplication.java:158)
	at cloud.tianai.captcha.application.DefaultImageCaptchaApplication.generateCaptcha(DefaultImageCaptchaApplication.java:115)
	at cloud.tianai.captcha.application.DefaultImageCaptchaApplication.generateCaptcha(DefaultImageCaptchaApplication.java:103)
	at com.minecraft.controller.CaptchaController.genCaptcha(CaptchaController.java:112)
	at java.base/jdk.internal.reflect.DirectMethodHandleAccessor.invoke(DirectMethodHandleAccessor.java:103)
	at java.base/java.lang.reflect.Method.invoke(Method.java:580)
	at org.springframework.aop.support.AopUtils.invokeJoinpointUsingReflection(AopUtils.java:343)
	at org.springframework.aop.framework.ReflectiveMethodInvocation.invokeJoinpoint(ReflectiveMethodInvocation.java:196)
	at org.springframework.aop.framework.ReflectiveMethodInvocation.proceed(ReflectiveMethodInvocation.java:163)
	at org.springframework.aop.framework.CglibAopProxy$CglibMethodInvocation.proceed(CglibAopProxy.java:752)
	at org.springframework.aop.aspectj.MethodInvocationProceedingJoinPoint.proceed(MethodInvocationProceedingJoinPoint.java:89)
	at com.minecraft.aspect.LogAspect.around(LogAspect.java:68)
	at java.base/jdk.internal.reflect.DirectMethodHandleAccessor.invoke(DirectMethodHandleAccessor.java:103)
	at java.base/java.lang.reflect.Method.invoke(Method.java:580)
	at org.springframework.aop.aspectj.AbstractAspectJAdvice.invokeAdviceMethodWithGivenArgs(AbstractAspectJAdvice.java:633)
	at org.springframework.aop.aspectj.AbstractAspectJAdvice.invokeAdviceMethod(AbstractAspectJAdvice.java:623)
	at org.springframework.aop.aspectj.AspectJAroundAdvice.invoke(AspectJAroundAdvice.java:71)
	at org.springframework.aop.framework.ReflectiveMethodInvocation.proceed(ReflectiveMethodInvocation.java:173)
	at org.springframework.aop.framework.CglibAopProxy$CglibMethodInvocation.proceed(CglibAopProxy.java:752)
	at org.springframework.aop.interceptor.ExposeInvocationInterceptor.invoke(ExposeInvocationIntercepto(String), DESKTOP-JE62AKO(String), 8080(Integer), 2026-10-03T23:34:57.009891400(LocalDateTime)
2026-10-03 23:34:57.022 [http-nio-8080-exec-3] DEBUG c.m.mapper.SystemLogMapper.insert - <==    Updates: 1
2026-10-03 23:35:00.221 [log-async-4] DEBUG c.m.mapper.OperationLogMapper.insert - ==>  Preparing: INSERT INTO operation_logs ( username, operation_type, operation_desc, ip_address, user_agent, request_uri, request_method, request_params, execution_time, status, error_msg, browser, os, created_at, updated_at ) VALUES ( ?, ?, ?, ?, ?, ?, ?, ?, ?, ?, ?, ?, ?, ?, ? )
2026-10-03 23:35:00.221 [http-nio-8080-exec-5] DEBUG c.m.mapper.SystemLogMapper.insert - ==>  Preparing: INSERT INTO system_log ( trace_id, username, user_ip, user_agent, request_id, log_level, log_type, module, action, content, request_url, request_method, status, error_stack, server_host, server_port, created_at ) VALUES ( ?, ?, ?, ?, ?, ?, ?, ?, ?, ?, ?, ?, ?, ?, ?, ?, ? )
2026-10-03 23:35:00.222 [log-async-4] DEBUG c.m.mapper.OperationLogMapper.insert - ==> Parameters: anonymousUser(String), ADD(String), CaptchaController.genCaptcha(String), 0:0:0:0:0:0:0:1(String), Mozilla/5.0 (Windows NT 10.0; Win64; x64) AppleWebKit/537.36 (KHTML, like Gecko) Chrome/154.0.0.0 Safari/537.36(String), /api/captcha/gen(String), POST(String), [](String), 138(Long), 0(Integer), Unable to connect to Redis(String), Chrome(String), Windows(String), 2026-10-03T23:35:00.220450500(LocalDateTime), 2026-10-03T23:35:00.221459100(LocalDateTime)
2026-10-03 23:35:00.223 [http-nio-8080-exec-5] DEBUG c.m.mapper.SystemLogMapper.insert - ==> Parameters: 4a1fd57930ba4afcae4d8e53d4c0c37f(String), anonymousUser(String), 0:0:0:0:0:0:0:1(String), Mozilla/5.0 (Windows NT 10.0; Win64; x64) AppleWebKit/537.36 (KHTML, like Gecko) Chrome/154.0.0.0 Safari/537.36(String), 51bdae6381a4495a9ffad8d689d6d968(String), ERROR(String), SYSTEM(String), 全局(String), 系统异常(String), 系统异常：Unable to connect to Redis(String), /api/captcha/gen(String), POST(String), ERROR(String), org.springframework.data.redis.RedisConnectionFailureException: Unable to connect to Redis
	at org.springframework.data.redis.connection.lettuce.LettuceConnectionFactory$ExceptionTranslatingConnectionProvider.translateException(LettuceConnectionFactory.java:1602)
	at org.springframework.data.redis.connection.lettuce.LettuceConnectionFactory$ExceptionTranslatingConnectionProvider.getConnection(LettuceConnectionFactory.java:1533)
	at org.springframework.data.redis.connection.lettuce.LettuceConnectionFactory$SharedConnection.getNativeConnection(LettuceConnectionFactory.java:1358)
	at org.springframework.data.redis.connection.lettuce.LettuceConnectionFactory$SharedConnection.getConnection(LettuceConnectionFactory.java:1341)
	at org.springframework.data.redis.connection.lettuce.LettuceConnectionFactory.getSharedConnection(LettuceConnectionFactory.java:1059)
	at org.springframework.data.redis.connection.lettuce.LettuceConnectionFactory.getConnection(LettuceConnectionFactory.java:398)
	at org.springframework.data.redis.core.RedisConnectionUtils.fetchConnection(RedisConnectionUtils.java:193)
	at org.springframework.data.redis.core.RedisConnectionUtils.doGetConnection(RedisConnectionUtils.java:144)
	at org.springframework.data.redis.core.RedisConnectionUtils.getConnection(RedisConnectionUtils.java:105)
	at org.springframework.data.redis.core.RedisTemplate.execute(RedisTemplate.java:393)
	at org.springframework.data.redis.core.RedisTemplate.execute(RedisTemplate.java:373)
	at org.springframework.data.redis.core.AbstractOperations.execute(AbstractOperations.java:97)
	at org.springframework.data.redis.core.DefaultValueOperations.set(DefaultValueOperations.java:253)
	at cloud.tianai.captcha.spring.store.impl.RedisCacheStore.setCache(RedisCacheStore.java:52)
	at cloud.tianai.captcha.application.DefaultImageCaptchaApplication.cacheVerification(DefaultImageCaptchaApplication.java:255)
	at cloud.tianai.captcha.application.DefaultImageCaptchaApplication.convertToCaptchaResponse(DefaultImageCaptchaApplication.java:158)
	at cloud.tianai.captcha.application.DefaultImageCaptchaApplication.generateCaptcha(DefaultImageCaptchaApplication.java:115)
	at cloud.tianai.captcha.application.DefaultImageCaptchaApplication.generateCaptcha(DefaultImageCaptchaApplication.java:103)
	at com.minecraft.controller.CaptchaController.genCaptcha(CaptchaController.java:112)
	at java.base/jdk.internal.reflect.DirectMethodHandleAccessor.invoke(DirectMethodHandleAccessor.java:103)
	at java.base/java.lang.reflect.Method.invoke(Method.java:580)
	at org.springframework.aop.support.AopUtils.invokeJoinpointUsingReflection(AopUtils.java:343)
	at org.springframework.aop.framework.ReflectiveMethodInvocation.invokeJoinpoint(ReflectiveMethodInvocation.java:196)
	at org.springframework.aop.framework.ReflectiveMethodInvocation.proceed(ReflectiveMethodInvocation.java:163)
	at org.springframework.aop.framework.CglibAopProxy$CglibMethodInvocation.proceed(CglibAopProxy.java:752)
	at org.springframework.aop.aspectj.MethodInvocationProceedingJoinPoint.proceed(MethodInvocationProceedingJoinPoint.java:89)
	at com.minecraft.aspect.LogAspect.around(LogAspect.java:68)
	at java.base/jdk.internal.reflect.DirectMethodHandleAccessor.invoke(DirectMethodHandleAccessor.java:103)
	at java.base/java.lang.reflect.Method.invoke(Method.java:580)
	at org.springframework.aop.aspectj.AbstractAspectJAdvice.invokeAdviceMethodWithGivenArgs(AbstractAspectJAdvice.java:633)
	at org.springframework.aop.aspectj.AbstractAspectJAdvice.invokeAdviceMethod(AbstractAspectJAdvice.java:623)
	at org.springframework.aop.aspectj.AspectJAroundAdvice.invoke(AspectJAroundAdvice.java:71)
	at org.springframework.aop.framework.ReflectiveMethodInvocation.proceed(ReflectiveMethodInvocation.java:173)
	at org.springframework.aop.framework.CglibAopProxy$CglibMethodInvocation.proceed(CglibAopProxy.java:752)
	at org.springframework.aop.interceptor.ExposeInvocationInterceptor.invoke(ExposeInvocationIntercepto(String), DESKTOP-JE62AKO(String), 8080(Integer), 2026-10-03T23:35:00.221459100(LocalDateTime)
2026-10-03 23:35:00.226 [log-async-4] DEBUG c.m.mapper.OperationLogMapper.insert - <==    Updates: 1
2026-10-03 23:35:00.228 [http-nio-8080-exec-5] DEBUG c.m.mapper.SystemLogMapper.insert - <==    Updates: 1
2026-10-03 23:35:08.935 [log-async-5] DEBUG c.m.mapper.OperationLogMapper.insert - ==>  Preparing: INSERT INTO operation_logs ( username, operation_type, operation_desc, ip_address, user_agent, request_uri, request_method, request_params, execution_time, status, browser, os, created_at, updated_at ) VALUES ( ?, ?, ?, ?, ?, ?, ?, ?, ?, ?, ?, ?, ?, ? )
2026-10-03 23:35:08.937 [log-async-5] DEBUG c.m.mapper.OperationLogMapper.insert - ==> Parameters: anonymousUser(String), ADD(String), CaptchaController.genCaptcha(String), 0:0:0:0:0:0:0:1(String), Mozilla/5.0 (Windows NT 10.0; Win64; x64) AppleWebKit/537.36 (KHTML, like Gecko) Chrome/154.0.0.0 Safari/537.36(String), /api/captcha/gen(String), POST(String), [](String), 120(Long), 1(Integer), Chrome(String), Windows(String), 2026-10-03T23:35:08.935029600(LocalDateTime), 2026-10-03T23:35:08.935029600(LocalDateTime)
2026-10-03 23:35:08.940 [log-async-5] DEBUG c.m.mapper.OperationLogMapper.insert - <==    Updates: 1
2026-10-03 23:35:11.307 [log-async-1] DEBUG c.m.mapper.OperationLogMapper.insert - ==>  Preparing: INSERT INTO operation_logs ( username, operation_type, operation_desc, ip_address, user_agent, request_uri, request_method, request_params, execution_time, status, browser, os, created_at, updated_at ) VALUES ( ?, ?, ?, ?, ?, ?, ?, ?, ?, ?, ?, ?, ?, ? )
2026-10-03 23:35:11.308 [log-async-1] DEBUG c.m.mapper.OperationLogMapper.insert - ==> Parameters: anonymousUser(String), ADD(String), CaptchaController.checkCaptcha(String), 0:0:0:0:0:0:0:1(String), Mozilla/5.0 (Windows NT 10.0; Win64; x64) AppleWebKit/537.36 (KHTML, like Gecko) Chrome/154.0.0.0 Safari/537.36(String), /api/captcha/check(String), POST(String), [{"data":{"bgImageHeight":180,"bgImageWidth":300,"startTime":1791041709872,"stopTime":1791041711203,"templateImageHeight":180,"templateImageWidth":66,"trackList":[{"t":0.0,"type":"down","x":892.0,"y":609.0},{"t":76.0,"type":"move","x":894.0,"y":609.0},{"t":81.0,"type":"move","x":898.0,"y":609.0},{"t":87.0,"type":"move","x":902.0,"y":609.0},{"t":93.0,"type":"move","x":905.0,"y":609.0},{"t":98.0,"type":"move","x":912.0,"y":609.0},{"t":104.0,"type":"move","x":919.0,"y":609.0},{"t":109.0,"type":"mov...(String), 69(Long), 1(Integer), Chrome(String), Windows(String), 2026-10-03T23:35:11.306285400(LocalDateTime), 2026-10-03T23:35:11.307285800(LocalDateTime)
2026-10-03 23:35:11.312 [log-async-1] DEBUG c.m.mapper.OperationLogMapper.insert - <==    Updates: 1
2026-10-03 23:35:12.412 [http-nio-8080-exec-10] DEBUG c.m.mapper.UserMapper.selectList - ==>  Preparing: SELECT id,account,username,password,email,phone,avatar,gender,age,occupation,hobbies,bio,online,status,signature,nickname,experience,points,permissions,create_time,update_time FROM user WHERE (account = ?)
2026-10-03 23:35:12.412 [http-nio-8080-exec-10] DEBUG c.m.mapper.UserMapper.selectList - ==> Parameters: 20260219132871(String)
2026-10-03 23:35:12.413 [http-nio-8080-exec-10] DEBUG c.m.mapper.UserMapper.selectList - <==      Total: 1
2026-10-03 23:35:12.545 [http-nio-8080-exec-10] DEBUG c.m.mapper.UserMapper.selectList - ==>  Preparing: SELECT id,account,username,password,email,phone,avatar,gender,age,occupation,hobbies,bio,online,status,signature,nickname,experience,points,permissions,create_time,update_time FROM user WHERE (account = ?)
2026-10-03 23:35:12.545 [http-nio-8080-exec-10] DEBUG c.m.mapper.UserMapper.selectList - ==> Parameters: 20260219132871(String)
2026-10-03 23:35:12.546 [http-nio-8080-exec-10] DEBUG c.m.mapper.UserMapper.selectList - <==      Total: 1
2026-10-03 23:35:12.549 [Thread-8] DEBUG c.m.mapper.LoginLogMapper.insert - ==>  Preparing: INSERT INTO login_log ( user_id, username, account, ipaddr, login_location, browser, os, status, msg, login_time ) VALUES ( ?, ?, ?, ?, ?, ?, ?, ?, ?, ? )
2026-10-03 23:35:12.549 [Thread-8] DEBUG c.m.mapper.LoginLogMapper.insert - ==> Parameters: 15(Long), 爱吃薯条的小懒猪(String), 20260219132871(String), 0:0:0:0:0:0:0:1(String), 内网IP(String), Chrome(String), Windows(String), 1(String), 登录成功(String), 2026-10-03T23:35:12.547289400(LocalDateTime)
2026-10-03 23:35:12.551 [http-nio-8080-exec-10] DEBUG c.m.m.OnlineUserMapper.addOnlineUser - ==>  Preparing: INSERT INTO online_users (id, username, nickname, role, login_ip, login_time, last_activity_time, browser, os, status) VALUES (?, ?, ?, ?, ?, ?, ?, ?, ?, ?) ON DUPLICATE KEY UPDATE username = VALUES(username), nickname = VALUES(nickname), role = VALUES(role), login_ip = VALUES(login_ip), login_time = VALUES(login_time), last_activity_time = VALUES(last_activity_time), browser = VALUES(browser), os = VALUES(os), status = VALUES(status)
2026-10-03 23:35:12.557 [http-nio-8080-exec-10] DEBUG c.m.m.OnlineUserMapper.addOnlineUser - ==> Parameters: 15(Long), 爱吃薯条的小懒猪(String), 小可爱(String), admin(String), 0:0:0:0:0:0:0:1(String), 2026-10-03 23:35:12.548(Timestamp), 2026-10-03 23:35:12.548(Timestamp), Chrome(String), Windows(String), online(String)
2026-10-03 23:35:12.562 [Thread-8] DEBUG c.m.mapper.LoginLogMapper.insert - <==    Updates: 1
2026-10-03 23:35:12.574 [http-nio-8080-exec-10] DEBUG c.m.m.OnlineUserMapper.addOnlineUser - <==    Updates: 2
2026-10-03 23:35:12.576 [log-async-2] DEBUG c.m.mapper.OperationLogMapper.insert - ==>  Preparing: INSERT INTO operation_logs ( username, operation_type, operation_desc, ip_address, user_agent, request_uri, request_method, request_params, execution_time, status, browser, os, created_at, updated_at ) VALUES ( ?, ?, ?, ?, ?, ?, ?, ?, ?, ?, ?, ?, ?, ? )
2026-10-03 23:35:12.577 [log-async-2] DEBUG c.m.mapper.OperationLogMapper.insert - ==> Parameters: anonymousUser(String), ADD(String), AuthController.login(String), 0:0:0:0:0:0:0:1(String), Mozilla/5.0 (Windows NT 10.0; Win64; x64) AppleWebKit/537.36 (KHTML, like Gecko) Chrome/154.0.0.0 Safari/537.36(String), /api/auth/login(String), POST(String), [{"account":"20260219132871","password":"123456"}](String), 170(Long), 1(Integer), Chrome(String), Windows(String), 2026-10-03T23:35:12.576018600(LocalDateTime), 2026-10-03T23:35:12.576018600(LocalDateTime)
2026-10-03 23:35:12.580 [log-async-2] DEBUG c.m.mapper.OperationLogMapper.insert - <==    Updates: 1
2026-10-03 23:35:14.768 [http-nio-8080-exec-4] DEBUG c.m.mapper.UserMapper.selectById - ==>  Preparing: SELECT id,account,username,password,email,phone,avatar,gender,age,occupation,hobbies,bio,online,status,signature,nickname,experience,points,permissions,create_time,update_time FROM user WHERE id=?
2026-10-03 23:35:14.769 [http-nio-8080-exec-2] DEBUG c.m.m.CarouselsMapper.selectList - ==>  Preparing: SELECT id,title,subtitle,image_url,mobile_image_url,thumbnail_url,link_type,link_url,link_target,target_id,button_text,button_color,text_color,text_shadow,overlay_color,overlay_opacity,position,device_type,user_type,start_time,end_time,is_always_show,click_count,impression_count,sort_order,is_active,is_deleted,remark,created_by,created_at,updated_at FROM carousels WHERE (position = ? AND is_active = ? AND (is_deleted = ? OR is_deleted IS NULL) AND (is_always_show = ? OR (start_time <= ? AND end_time >= ?)))
2026-10-03 23:35:14.769 [http-nio-8080-exec-4] DEBUG c.m.mapper.UserMapper.selectById - ==> Parameters: 15(Long)
2026-10-03 23:35:14.769 [http-nio-8080-exec-2] DEBUG c.m.m.CarouselsMapper.selectList - ==> Parameters: food(String), true(Boolean), false(Boolean), true(Boolean), 2026-10-03T23:35:14.768889900(LocalDateTime), 2026-10-03T23:35:14.768889900(LocalDateTime)
2026-10-03 23:35:14.772 [http-nio-8080-exec-4] DEBUG c.m.mapper.UserMapper.selectById - <==      Total: 1
2026-10-03 23:35:14.772 [http-nio-8080-exec-2] DEBUG c.m.m.CarouselsMapper.selectList - <==      Total: 3
2026-10-03 23:35:14.775 [http-nio-8080-exec-6] DEBUG c.m.m.FoodMapper.selectList_mpCount - ==>  Preparing: SELECT COUNT(*) AS total FROM food
2026-10-03 23:35:14.775 [http-nio-8080-exec-6] DEBUG c.m.m.FoodMapper.selectList_mpCount - ==> Parameters: 
2026-10-03 23:35:14.776 [http-nio-8080-exec-6] DEBUG c.m.m.FoodMapper.selectList_mpCount - <==      Total: 1
2026-10-03 23:35:14.777 [http-nio-8080-exec-6] DEBUG c.m.mapper.FoodMapper.selectList - ==>  Preparing: SELECT id,name,city,province,address,description,cover_image,images,price,cuisine_type,rating,like_count,collect_count,comment_count,tags,commodity,status,create_time,update_time FROM food ORDER BY create_time DESC LIMIT ?
2026-10-03 23:35:14.777 [http-nio-8080-exec-6] DEBUG c.m.mapper.FoodMapper.selectList - ==> Parameters: 10(Long)
2026-10-03 23:35:14.779 [http-nio-8080-exec-6] DEBUG c.m.mapper.FoodMapper.selectList - <==      Total: 10
2026-10-03 23:35:24.698 [http-nio-8080-exec-9] DEBUG c.m.mapper.FoodMapper.selectById - ==>  Preparing: SELECT id,name,city,province,address,description,cover_image,images,price,cuisine_type,rating,like_count,collect_count,comment_count,tags,commodity,status,create_time,update_time FROM food WHERE id=?
2026-10-03 23:35:24.699 [http-nio-8080-exec-9] DEBUG c.m.mapper.FoodMapper.selectById - ==> Parameters: 4(Long)
2026-10-03 23:35:24.700 [http-nio-8080-exec-9] DEBUG c.m.mapper.FoodMapper.selectById - <==      Total: 1
2026-10-03 23:35:25.781 [http-nio-8080-exec-10] DEBUG c.m.mapper.OrderMapper.selectList - ==>  Preparing: SELECT id,user_id,order_no,item_type,item_id,item_name,image,amount,quantity,remark,status,create_time,update_time FROM orders WHERE (order_no LIKE ?) ORDER BY order_no DESC LIMIT 1
2026-10-03 23:35:25.781 [http-nio-8080-exec-10] DEBUG c.m.mapper.OrderMapper.selectList - ==> Parameters: %20261003%(String)
2026-10-03 23:35:25.783 [http-nio-8080-exec-10] DEBUG c.m.mapper.OrderMapper.selectList - <==      Total: 0
2026-10-03 23:35:25.784 [http-nio-8080-exec-10] DEBUG c.m.mapper.OrderMapper.insert - ==>  Preparing: INSERT INTO orders ( user_id, order_no, item_type, item_id, item_name, image, amount, quantity, remark, status, create_time, update_time ) VALUES ( ?, ?, ?, ?, ?, ?, ?, ?, ?, ?, ?, ? )
2026-10-03 23:35:25.785 [http-nio-8080-exec-10] DEBUG c.m.mapper.OrderMapper.insert - ==> Parameters: 15(Long), 202610030001(String), food(String), 4(Long), 上海小笼包(String), http://localhost:8080/upload/396217d8-909d-4f79-9176-38711f8d185d.png(String), 38(BigDecimal), 1(Integer), (String), 0(String), 2026-10-03T23:35:25.784003700(LocalDateTime), 2026-10-03T23:35:25.784003700(LocalDateTime)
2026-10-03 23:35:25.788 [http-nio-8080-exec-10] DEBUG c.m.mapper.OrderMapper.insert - <==    Updates: 1
2026-10-03 23:35:25.790 [log-async-3] DEBUG c.m.mapper.OperationLogMapper.insert - ==>  Preparing: INSERT INTO operation_logs ( user_id, username, operation_type, operation_desc, ip_address, user_agent, request_uri, request_method, request_params, execution_time, status, browser, os, created_at, updated_at ) VALUES ( ?, ?, ?, ?, ?, ?, ?, ?, ?, ?, ?, ?, ?, ?, ? )
2026-10-03 23:35:25.791 [log-async-3] DEBUG c.m.mapper.OperationLogMapper.insert - ==> Parameters: 15(Integer), 15(String), ADD(String), OrderController.createOrder(String), 0:0:0:0:0:0:0:1(String), Mozilla/5.0 (Windows NT 10.0; Win64; x64) AppleWebKit/537.36 (KHTML, like Gecko) Chrome/154.0.0.0 Safari/537.36(String), /api/order/create(String), POST(String), [{"amount":38,"image":"http://localhost:8080/upload/396217d8-909d-4f79-9176-38711f8d185d.png","itemId":4,"itemName":"上海小笼包","itemType":"food","quantity":1,"remark":""}](String), 9(Long), 1(Integer), Chrome(String), Windows(String), 2026-10-03T23:35:25.789659200(LocalDateTime), 2026-10-03T23:35:25.789659200(LocalDateTime)
2026-10-03 23:35:25.794 [log-async-3] DEBUG c.m.mapper.OperationLogMapper.insert - <==    Updates: 1
2026-10-03 23:35:26.096 [http-nio-8080-exec-2] DEBUG c.m.mapper.FoodMapper.selectById - ==>  Preparing: SELECT id,name,city,province,address,description,cover_image,images,price,cuisine_type,rating,like_count,collect_count,comment_count,tags,commodity,status,create_time,update_time FROM food WHERE id=?
2026-10-03 23:35:26.097 [http-nio-8080-exec-2] DEBUG c.m.mapper.FoodMapper.selectById - ==> Parameters: 4(Long)
2026-10-03 23:35:26.098 [http-nio-8080-exec-2] DEBUG c.m.mapper.FoodMapper.selectById - <==      Total: 1
2026-10-03 23:35:26.100 [http-nio-8080-exec-4] DEBUG c.m.mapper.OrderMapper.selectById - ==>  Preparing: SELECT id,user_id,order_no,item_type,item_id,item_name,image,amount,quantity,remark,status,create_time,update_time FROM orders WHERE id=?
2026-10-03 23:35:26.102 [http-nio-8080-exec-4] DEBUG c.m.mapper.OrderMapper.selectById - ==> Parameters: 66(Long)
2026-10-03 23:35:26.103 [http-nio-8080-exec-4] DEBUG c.m.mapper.OrderMapper.selectById - <==      Total: 1
2026-10-03 23:35:26.115 [http-nio-8080-exec-6] DEBUG c.m.mapper.FoodMapper.selectById - ==>  Preparing: SELECT id,name,city,province,address,description,cover_image,images,price,cuisine_type,rating,like_count,collect_count,comment_count,tags,commodity,status,create_time,update_time FROM food WHERE id=?
2026-10-03 23:35:26.115 [http-nio-8080-exec-6] DEBUG c.m.mapper.FoodMapper.selectById - ==> Parameters: 4(Long)
2026-10-03 23:35:26.117 [http-nio-8080-exec-6] DEBUG c.m.mapper.FoodMapper.selectById - <==      Total: 1
2026-10-03 23:35:31.138 [http-nio-8080-exec-5] DEBUG c.m.mapper.OrderMapper.selectById - ==>  Preparing: SELECT id,user_id,order_no,item_type,item_id,item_name,image,amount,quantity,remark,status,create_time,update_time FROM orders WHERE id=?
2026-10-03 23:35:31.139 [http-nio-8080-exec-5] DEBUG c.m.mapper.OrderMapper.selectById - ==> Parameters: 66(Long)
2026-10-03 23:35:31.141 [http-nio-8080-exec-5] DEBUG c.m.mapper.OrderMapper.selectById - <==      Total: 1
2026-10-03 23:35:33.800 [http-nio-8080-exec-8] DEBUG c.m.mapper.OrderMapper.selectById - ==>  Preparing: SELECT id,user_id,order_no,item_type,item_id,item_name,image,amount,quantity,remark,status,create_time,update_time FROM orders WHERE id=?
2026-10-03 23:35:33.801 [http-nio-8080-exec-8] DEBUG c.m.mapper.OrderMapper.selectById - ==> Parameters: 66(Long)
2026-10-03 23:35:33.801 [http-nio-8080-exec-8] DEBUG c.m.mapper.OrderMapper.selectById - <==      Total: 1
2026-10-03 23:35:33.805 [http-nio-8080-exec-8] DEBUG c.m.mapper.PaymentMapper.insert - ==>  Preparing: INSERT INTO payment ( order_id, user_id, payment_no, amount, payment_method, status, create_time, update_time ) VALUES ( ?, ?, ?, ?, ?, ?, ?, ? )
2026-10-03 23:35:33.806 [http-nio-8080-exec-8] DEBUG c.m.mapper.PaymentMapper.insert - ==> Parameters: 66(Long), 15(Long), PAY17910417338024351(String), 38.00(BigDecimal), 微信(String), 0(String), 2026-10-03T23:35:33.803626300(LocalDateTime), 2026-10-03T23:35:33.804634700(LocalDateTime)
2026-10-03 23:35:33.818 [http-nio-8080-exec-8] DEBUG c.m.mapper.PaymentMapper.insert - <==    Updates: 1
2026-10-03 23:35:33.819 [http-nio-8080-exec-8] DEBUG c.m.mapper.OrderMapper.selectById - ==>  Preparing: SELECT id,user_id,order_no,item_type,item_id,item_name,image,amount,quantity,remark,status,create_time,update_time FROM orders WHERE id=?
2026-10-03 23:35:33.819 [http-nio-8080-exec-8] DEBUG c.m.mapper.OrderMapper.selectById - ==> Parameters: 66(Long)
2026-10-03 23:35:33.820 [http-nio-8080-exec-8] DEBUG c.m.mapper.OrderMapper.selectById - <==      Total: 1
2026-10-03 23:35:33.823 [http-nio-8080-exec-8] DEBUG c.m.mapper.OrderMapper.updateById - ==>  Preparing: UPDATE orders SET user_id=?, order_no=?, item_type=?, item_id=?, item_name=?, image=?, amount=?, quantity=?, remark=?, status=?, create_time=?, update_time=? WHERE id=?
2026-10-03 23:35:33.826 [http-nio-8080-exec-8] DEBUG c.m.mapper.OrderMapper.updateById - ==> Parameters: 15(Long), 202610030001(String), food(String), 4(Long), 上海小笼包(String), http://localhost:8080/upload/396217d8-909d-4f79-9176-38711f8d185d.png(String), 38.00(BigDecimal), 1(Integer), (String), 1(String), 2026-10-03T23:35:26(LocalDateTime), 2026-10-03T23:35:33.820148500(LocalDateTime), 66(Long)
2026-10-03 23:35:33.828 [http-nio-8080-exec-8] DEBUG c.m.mapper.OrderMapper.updateById - <==    Updates: 1
2026-10-03 23:35:33.829 [http-nio-8080-exec-8] DEBUG c.m.mapper.UserMapper.selectById - ==>  Preparing: SELECT id,account,username,password,email,phone,avatar,gender,age,occupation,hobbies,bio,online,status,signature,nickname,experience,points,permissions,create_time,update_time FROM user WHERE id=?
2026-10-03 23:35:33.830 [http-nio-8080-exec-8] DEBUG c.m.mapper.UserMapper.selectById - ==> Parameters: 15(Long)
2026-10-03 23:35:33.831 [http-nio-8080-exec-8] DEBUG c.m.mapper.UserMapper.selectById - <==      Total: 1
2026-10-03 23:35:33.831 [http-nio-8080-exec-8] DEBUG c.m.mapper.UserMapper.addPoints - ==>  Preparing: UPDATE user SET points = points + ? WHERE id = ?
2026-10-03 23:35:33.832 [http-nio-8080-exec-8] DEBUG c.m.mapper.UserMapper.addPoints - ==> Parameters: 38(Integer), 15(Long)
2026-10-03 23:35:33.835 [http-nio-8080-exec-8] DEBUG c.m.mapper.UserMapper.addPoints - <==    Updates: 1
2026-10-03 23:35:33.835 [http-nio-8080-exec-8] DEBUG c.m.mapper.UserMapper.selectById - ==>  Preparing: SELECT id,account,username,password,email,phone,avatar,gender,age,occupation,hobbies,bio,online,status,signature,nickname,experience,points,permissions,create_time,update_time FROM user WHERE id=?
2026-10-03 23:35:33.836 [http-nio-8080-exec-8] DEBUG c.m.mapper.UserMapper.selectById - ==> Parameters: 15(Long)
2026-10-03 23:35:33.836 [http-nio-8080-exec-8] DEBUG c.m.mapper.UserMapper.selectById - <==      Total: 1
2026-10-03 23:35:33.837 [http-nio-8080-exec-8] DEBUG c.m.mapper.PointsRecordMapper.insert - ==>  Preparing: INSERT INTO points_record ( user_id, points, before_points, after_points, type, remark ) VALUES ( ?, ?, ?, ?, ?, ? )
2026-10-03 23:35:33.838 [http-nio-8080-exec-8] DEBUG c.m.mapper.PointsRecordMapper.insert - ==> Parameters: 15(Long), 38(Integer), 143(Integer), 181(Integer), INCOME(String), 支付订单获得积分(String)
2026-10-03 23:35:33.846 [http-nio-8080-exec-8] DEBUG c.m.mapper.PointsRecordMapper.insert - <==    Updates: 1
2026-10-03 23:35:33.849 [http-nio-8080-exec-8] DEBUG c.m.mapper.PaymentMapper.updateById - ==>  Preparing: UPDATE payment SET order_id=?, user_id=?, payment_no=?, amount=?, payment_method=?, status=?, create_time=?, update_time=? WHERE id=?
2026-10-03 23:35:33.850 [http-nio-8080-exec-8] DEBUG c.m.mapper.PaymentMapper.updateById - ==> Parameters: 66(Long), 15(Long), PAY17910417338024351(String), 38.00(BigDecimal), 微信(String), 1(String), 2026-10-03T23:35:33.803626300(LocalDateTime), 2026-10-03T23:35:33.848858400(LocalDateTime), 42(Long)
2026-10-03 23:35:33.852 [http-nio-8080-exec-8] DEBUG c.m.mapper.PaymentMapper.updateById - <==    Updates: 1
2026-10-03 23:35:33.860 [log-async-4] DEBUG c.m.mapper.OperationLogMapper.insert - ==>  Preparing: INSERT INTO operation_logs ( user_id, username, operation_type, operation_desc, ip_address, user_agent, request_uri, request_method, request_params, execution_time, status, browser, os, created_at, updated_at ) VALUES ( ?, ?, ?, ?, ?, ?, ?, ?, ?, ?, ?, ?, ?, ?, ? )
2026-10-03 23:35:33.860 [log-async-4] DEBUG c.m.mapper.OperationLogMapper.insert - ==> Parameters: 15(Integer), 15(String), ADD(String), PaymentController.processPayment(String), 0:0:0:0:0:0:0:1(String), Mozilla/5.0 (Windows NT 10.0; Win64; x64) AppleWebKit/537.36 (KHTML, like Gecko) Chrome/154.0.0.0 Safari/537.36(String), /api/payment/process(String), POST(String), [66,"微信"](String), 69(Long), 1(Integer), Chrome(String), Windows(String), 2026-10-03T23:35:33.859370900(LocalDateTime), 2026-10-03T23:35:33.859370900(LocalDateTime)
2026-10-03 23:35:33.864 [log-async-4] DEBUG c.m.mapper.OperationLogMapper.insert - <==    Updates: 1
2026-10-03 23:35:41.272 [http-nio-8080-exec-9] DEBUG c.m.mapper.OrderMapper.selectById - ==>  Preparing: SELECT id,user_id,order_no,item_type,item_id,item_name,image,amount,quantity,remark,status,create_time,update_time FROM orders WHERE id=?
2026-10-03 23:35:41.272 [http-nio-8080-exec-10] DEBUG c.m.mapper.FoodMapper.selectById - ==>  Preparing: SELECT id,name,city,province,address,description,cover_image,images,price,cuisine_type,rating,like_count,collect_count,comment_count,tags,commodity,status,create_time,update_time FROM food WHERE id=?
2026-10-03 23:35:41.273 [http-nio-8080-exec-10] DEBUG c.m.mapper.FoodMapper.selectById - ==> Parameters: 4(Long)
2026-10-03 23:35:41.273 [http-nio-8080-exec-9] DEBUG c.m.mapper.OrderMapper.selectById - ==> Parameters: 66(Long)
2026-10-03 23:35:41.274 [http-nio-8080-exec-10] DEBUG c.m.mapper.FoodMapper.selectById - <==      Total: 1
2026-10-03 23:35:41.274 [http-nio-8080-exec-9] DEBUG c.m.mapper.OrderMapper.selectById - <==      Total: 1
2026-10-03 23:35:41.290 [http-nio-8080-exec-2] DEBUG c.m.mapper.FoodMapper.selectById - ==>  Preparing: SELECT id,name,city,province,address,description,cover_image,images,price,cuisine_type,rating,like_count,collect_count,comment_count,tags,commodity,status,create_time,update_time FROM food WHERE id=?
2026-10-03 23:35:41.291 [http-nio-8080-exec-2] DEBUG c.m.mapper.FoodMapper.selectById - ==> Parameters: 4(Long)
2026-10-03 23:35:41.291 [http-nio-8080-exec-2] DEBUG c.m.mapper.FoodMapper.selectById - <==      Total: 1
2026-10-03 23:35:46.007 [http-nio-8080-exec-6] DEBUG c.m.mapper.CartMapper.selectList - ==>  Preparing: SELECT id,user_id,item_type,image,item_id,item_name,price,quantity,create_time,update_time FROM cart WHERE (user_id = ?)
2026-10-03 23:35:46.008 [http-nio-8080-exec-6] DEBUG c.m.mapper.CartMapper.selectList - ==> Parameters: 15(Long)
2026-10-03 23:35:46.020 [http-nio-8080-exec-6] DEBUG c.m.mapper.CartMapper.selectList - <==      Total: 1
2026-10-03 23:35:47.144 [http-nio-8080-exec-3] DEBUG c.m.m.OrderMapper.selectList_mpCount - ==>  Preparing: SELECT COUNT(*) AS total FROM orders WHERE (user_id = ?)
2026-10-03 23:35:47.145 [http-nio-8080-exec-3] DEBUG c.m.m.OrderMapper.selectList_mpCount - ==> Parameters: 15(Long)
2026-10-03 23:35:47.148 [http-nio-8080-exec-3] DEBUG c.m.m.OrderMapper.selectList_mpCount - <==      Total: 1
2026-10-03 23:35:47.148 [http-nio-8080-exec-3] DEBUG c.m.mapper.OrderMapper.selectList - ==>  Preparing: SELECT id,user_id,order_no,item_type,item_id,item_name,image,amount,quantity,remark,status,create_time,update_time FROM orders WHERE (user_id = ?) ORDER BY create_time DESC LIMIT ?
2026-10-03 23:35:47.149 [http-nio-8080-exec-3] DEBUG c.m.mapper.OrderMapper.selectList - ==> Parameters: 15(Long), 10(Long)
2026-10-03 23:35:47.151 [http-nio-8080-exec-3] DEBUG c.m.mapper.OrderMapper.selectList - <==      Total: 7
2026-10-03 23:35:54.889 [http-nio-8080-exec-8] DEBUG c.m.mapper.OrderMapper.selectById - ==>  Preparing: SELECT id,user_id,order_no,item_type,item_id,item_name,image,amount,quantity,remark,status,create_time,update_time FROM orders WHERE id=?
2026-10-03 23:35:54.890 [http-nio-8080-exec-8] DEBUG c.m.mapper.OrderMapper.selectById - ==> Parameters: 64(Long)
2026-10-03 23:35:54.891 [http-nio-8080-exec-8] DEBUG c.m.mapper.OrderMapper.selectById - <==      Total: 1
2026-10-03 23:35:54.892 [http-nio-8080-exec-8] DEBUG c.m.mapper.OrderMapper.deleteById - ==>  Preparing: DELETE FROM orders WHERE id=?
2026-10-03 23:35:54.893 [http-nio-8080-exec-8] DEBUG c.m.mapper.OrderMapper.deleteById - ==> Parameters: 64(Long)
2026-10-03 23:35:54.897 [http-nio-8080-exec-8] DEBUG c.m.mapper.OrderMapper.deleteById - <==    Updates: 1
2026-10-03 23:35:54.898 [log-async-5] DEBUG c.m.mapper.OperationLogMapper.insert - ==>  Preparing: INSERT INTO operation_logs ( user_id, username, operation_type, operation_desc, ip_address, user_agent, request_uri, request_method, request_params, execution_time, status, browser, os, created_at, updated_at ) VALUES ( ?, ?, ?, ?, ?, ?, ?, ?, ?, ?, ?, ?, ?, ?, ? )
2026-10-03 23:35:54.899 [log-async-5] DEBUG c.m.mapper.OperationLogMapper.insert - ==> Parameters: 15(Integer), 15(String), DELETE(String), OrderController.deleteOrder(String), 0:0:0:0:0:0:0:1(String), Mozilla/5.0 (Windows NT 10.0; Win64; x64) AppleWebKit/537.36 (KHTML, like Gecko) Chrome/154.0.0.0 Safari/537.36(String), /api/order/64(String), DELETE(String), [64](String), 8(Long), 1(Integer), Chrome(String), Windows(String), 2026-10-03T23:35:54.897588100(LocalDateTime), 2026-10-03T23:35:54.898586200(LocalDateTime)
2026-10-03 23:35:54.903 [log-async-5] DEBUG c.m.mapper.OperationLogMapper.insert - <==    Updates: 1
2026-10-03 23:35:54.912 [http-nio-8080-exec-10] DEBUG c.m.m.OrderMapper.selectList_mpCount - ==>  Preparing: SELECT COUNT(*) AS total FROM orders WHERE (user_id = ?)
2026-10-03 23:35:54.912 [http-nio-8080-exec-10] DEBUG c.m.m.OrderMapper.selectList_mpCount - ==> Parameters: 15(Long)
2026-10-03 23:35:54.913 [http-nio-8080-exec-10] DEBUG c.m.m.OrderMapper.selectList_mpCount - <==      Total: 1
2026-10-03 23:35:54.913 [http-nio-8080-exec-10] DEBUG c.m.mapper.OrderMapper.selectList - ==>  Preparing: SELECT id,user_id,order_no,item_type,item_id,item_name,image,amount,quantity,remark,status,create_time,update_time FROM orders WHERE (user_id = ?) ORDER BY create_time DESC LIMIT ?
2026-10-03 23:35:54.914 [http-nio-8080-exec-10] DEBUG c.m.mapper.OrderMapper.selectList - ==> Parameters: 15(Long), 10(Long)
2026-10-03 23:35:54.915 [http-nio-8080-exec-10] DEBUG c.m.mapper.OrderMapper.selectList - <==      Total: 6
2026-10-03 23:36:01.014 [http-nio-8080-exec-9] DEBUG c.m.m.OrderMapper.selectList_mpCount - ==>  Preparing: SELECT COUNT(*) AS total FROM orders WHERE (user_id = ?)
2026-10-03 23:36:01.014 [http-nio-8080-exec-9] DEBUG c.m.m.OrderMapper.selectList_mpCount - ==> Parameters: 15(Long)
2026-10-03 23:36:01.015 [http-nio-8080-exec-9] DEBUG c.m.m.OrderMapper.selectList_mpCount - <==      Total: 1
2026-10-03 23:36:01.015 [http-nio-8080-exec-9] DEBUG c.m.mapper.OrderMapper.selectList - ==>  Preparing: SELECT id,user_id,order_no,item_type,item_id,item_name,image,amount,quantity,remark,status,create_time,update_time FROM orders WHERE (user_id = ?) ORDER BY create_time DESC LIMIT ?
2026-10-03 23:36:01.016 [http-nio-8080-exec-9] DEBUG c.m.mapper.OrderMapper.selectList - ==> Parameters: 15(Long), 10(Long)
2026-10-03 23:36:01.017 [http-nio-8080-exec-9] DEBUG c.m.mapper.OrderMapper.selectList - <==      Total: 6
2026-10-03 23:36:01.883 [http-nio-8080-exec-2] DEBUG c.m.m.OrderMapper.selectList_mpCount - ==>  Preparing: SELECT COUNT(*) AS total FROM orders WHERE (user_id = ?)
2026-10-03 23:36:01.883 [http-nio-8080-exec-2] DEBUG c.m.m.OrderMapper.selectList_mpCount - ==> Parameters: 15(Long)
2026-10-03 23:36:01.884 [http-nio-8080-exec-2] DEBUG c.m.m.OrderMapper.selectList_mpCount - <==      Total: 1
2026-10-03 23:36:01.884 [http-nio-8080-exec-2] DEBUG c.m.mapper.OrderMapper.selectList - ==>  Preparing: SELECT id,user_id,order_no,item_type,item_id,item_name,image,amount,quantity,remark,status,create_time,update_time FROM orders WHERE (user_id = ?) ORDER BY create_time DESC LIMIT ?
2026-10-03 23:36:01.885 [http-nio-8080-exec-2] DEBUG c.m.mapper.OrderMapper.selectList - ==> Parameters: 15(Long), 10(Long)
2026-10-03 23:36:01.886 [http-nio-8080-exec-2] DEBUG c.m.mapper.OrderMapper.selectList - <==      Total: 6
2026-10-03 23:36:02.404 [http-nio-8080-exec-4] DEBUG c.m.m.OrderMapper.selectList_mpCount - ==>  Preparing: SELECT COUNT(*) AS total FROM orders WHERE (user_id = ?)
2026-10-03 23:36:02.405 [http-nio-8080-exec-4] DEBUG c.m.m.OrderMapper.selectList_mpCount - ==> Parameters: 15(Long)
2026-10-03 23:36:02.406 [http-nio-8080-exec-4] DEBUG c.m.m.OrderMapper.selectList_mpCount - <==      Total: 1
2026-10-03 23:36:02.406 [http-nio-8080-exec-4] DEBUG c.m.mapper.OrderMapper.selectList - ==>  Preparing: SELECT id,user_id,order_no,item_type,item_id,item_name,image,amount,quantity,remark,status,create_time,update_time FROM orders WHERE (user_id = ?) ORDER BY create_time DESC LIMIT ?
2026-10-03 23:36:02.406 [http-nio-8080-exec-4] DEBUG c.m.mapper.OrderMapper.selectList - ==> Parameters: 15(Long), 10(Long)
2026-10-03 23:36:02.408 [http-nio-8080-exec-4] DEBUG c.m.mapper.OrderMapper.selectList - <==      Total: 6
2026-10-03 23:36:03.064 [http-nio-8080-exec-5] DEBUG c.m.m.OrderMapper.selectList_mpCount - ==>  Preparing: SELECT COUNT(*) AS total FROM orders WHERE (user_id = ?)
2026-10-03 23:36:03.065 [http-nio-8080-exec-5] DEBUG c.m.m.OrderMapper.selectList_mpCount - ==> Parameters: 15(Long)
2026-10-03 23:36:03.066 [http-nio-8080-exec-5] DEBUG c.m.m.OrderMapper.selectList_mpCount - <==      Total: 1
2026-10-03 23:36:03.066 [http-nio-8080-exec-5] DEBUG c.m.mapper.OrderMapper.selectList - ==>  Preparing: SELECT id,user_id,order_no,item_type,item_id,item_name,image,amount,quantity,remark,status,create_time,update_time FROM orders WHERE (user_id = ?) ORDER BY create_time DESC LIMIT ?
2026-10-03 23:36:03.072 [http-nio-8080-exec-5] DEBUG c.m.mapper.OrderMapper.selectList - ==> Parameters: 15(Long), 10(Long)
2026-10-03 23:36:03.074 [http-nio-8080-exec-5] DEBUG c.m.mapper.OrderMapper.selectList - <==      Total: 6
2026-10-03 23:36:03.865 [http-nio-8080-exec-1] DEBUG c.m.m.OrderMapper.selectList_mpCount - ==>  Preparing: SELECT COUNT(*) AS total FROM orders WHERE (user_id = ?)
2026-10-03 23:36:03.867 [http-nio-8080-exec-1] DEBUG c.m.m.OrderMapper.selectList_mpCount - ==> Parameters: 15(Long)
2026-10-03 23:36:03.868 [http-nio-8080-exec-1] DEBUG c.m.m.OrderMapper.selectList_mpCount - <==      Total: 1
2026-10-03 23:36:03.868 [http-nio-8080-exec-1] DEBUG c.m.mapper.OrderMapper.selectList - ==>  Preparing: SELECT id,user_id,order_no,item_type,item_id,item_name,image,amount,quantity,remark,status,create_time,update_time FROM orders WHERE (user_id = ?) ORDER BY create_time DESC LIMIT ?
2026-10-03 23:36:03.868 [http-nio-8080-exec-1] DEBUG c.m.mapper.OrderMapper.selectList - ==> Parameters: 15(Long), 10(Long)
2026-10-03 23:36:03.869 [http-nio-8080-exec-1] DEBUG c.m.mapper.OrderMapper.selectList - <==      Total: 6
2026-10-03 23:36:05.514 [http-nio-8080-exec-8] DEBUG c.m.m.OrderMapper.selectList_mpCount - ==>  Preparing: SELECT COUNT(*) AS total FROM orders WHERE (user_id = ?)
2026-10-03 23:36:05.514 [http-nio-8080-exec-8] DEBUG c.m.m.OrderMapper.selectList_mpCount - ==> Parameters: 15(Long)
2026-10-03 23:36:05.515 [http-nio-8080-exec-8] DEBUG c.m.m.OrderMapper.selectList_mpCount - <==      Total: 1
2026-10-03 23:36:05.516 [http-nio-8080-exec-8] DEBUG c.m.mapper.OrderMapper.selectList - ==>  Preparing: SELECT id,user_id,order_no,item_type,item_id,item_name,image,amount,quantity,remark,status,create_time,update_time FROM orders WHERE (user_id = ?) ORDER BY create_time DESC LIMIT ?
2026-10-03 23:36:05.516 [http-nio-8080-exec-8] DEBUG c.m.mapper.OrderMapper.selectList - ==> Parameters: 15(Long), 10(Long)
2026-10-03 23:36:05.517 [http-nio-8080-exec-8] DEBUG c.m.mapper.OrderMapper.selectList - <==      Total: 6
2026-10-03 23:36:14.593 [http-nio-8080-exec-10] DEBUG c.m.mapper.OrderMapper.selectById - ==>  Preparing: SELECT id,user_id,order_no,item_type,item_id,item_name,image,amount,quantity,remark,status,create_time,update_time FROM orders WHERE id=?
2026-10-03 23:36:14.595 [http-nio-8080-exec-10] DEBUG c.m.mapper.OrderMapper.selectById - ==> Parameters: 66(Long)
2026-10-03 23:36:14.596 [http-nio-8080-exec-10] DEBUG c.m.mapper.OrderMapper.selectById - <==      Total: 1
2026-10-03 23:36:14.612 [http-nio-8080-exec-9] DEBUG c.m.mapper.FoodMapper.selectById - ==>  Preparing: SELECT id,name,city,province,address,description,cover_image,images,price,cuisine_type,rating,like_count,collect_count,comment_count,tags,commodity,status,create_time,update_time FROM food WHERE id=?
2026-10-03 23:36:14.612 [http-nio-8080-exec-9] DEBUG c.m.mapper.FoodMapper.selectById - ==> Parameters: 4(Long)
2026-10-03 23:36:14.613 [http-nio-8080-exec-9] DEBUG c.m.mapper.FoodMapper.selectById - <==      Total: 1
2026-10-03 23:36:19.421 [http-nio-8080-exec-4] DEBUG c.m.mapper.FoodMapper.selectById - ==>  Preparing: SELECT id,name,city,province,address,description,cover_image,images,price,cuisine_type,rating,like_count,collect_count,comment_count,tags,commodity,status,create_time,update_time FROM food WHERE id=?
2026-10-03 23:36:19.422 [http-nio-8080-exec-2] DEBUG c.m.mapper.OrderMapper.selectById - ==>  Preparing: SELECT id,user_id,order_no,item_type,item_id,item_name,image,amount,quantity,remark,status,create_time,update_time FROM orders WHERE id=?
2026-10-03 23:36:19.422 [http-nio-8080-exec-4] DEBUG c.m.mapper.FoodMapper.selectById - ==> Parameters: 4(Long)
2026-10-03 23:36:19.422 [http-nio-8080-exec-2] DEBUG c.m.mapper.OrderMapper.selectById - ==> Parameters: 66(Long)
2026-10-03 23:36:19.423 [http-nio-8080-exec-4] DEBUG c.m.mapper.FoodMapper.selectById - <==      Total: 1
2026-10-03 23:36:19.423 [http-nio-8080-exec-2] DEBUG c.m.mapper.OrderMapper.selectById - <==      Total: 1
2026-10-03 23:36:19.435 [http-nio-8080-exec-3] DEBUG c.m.mapper.FoodMapper.selectById - ==>  Preparing: SELECT id,name,city,province,address,description,cover_image,images,price,cuisine_type,rating,like_count,collect_count,comment_count,tags,commodity,status,create_time,update_time FROM food WHERE id=?
2026-10-03 23:36:19.436 [http-nio-8080-exec-3] DEBUG c.m.mapper.FoodMapper.selectById - ==> Parameters: 4(Long)
2026-10-03 23:36:19.437 [http-nio-8080-exec-3] DEBUG c.m.mapper.FoodMapper.selectById - <==      Total: 1
2026-10-03 23:39:38.904 [http-nio-8080-exec-8] DEBUG c.m.mapper.CartMapper.selectList - ==>  Preparing: SELECT id,user_id,item_type,image,item_id,item_name,price,quantity,create_time,update_time FROM cart WHERE (user_id = ?)
2026-10-03 23:39:38.905 [http-nio-8080-exec-8] DEBUG c.m.mapper.CartMapper.selectList - ==> Parameters: 15(Long)
2026-10-03 23:39:38.906 [http-nio-8080-exec-8] DEBUG c.m.mapper.CartMapper.selectList - <==      Total: 1
2026-10-03 23:39:42.522 [http-nio-8080-exec-9] DEBUG c.m.mapper.CartMapper.deleteById - ==>  Preparing: DELETE FROM cart WHERE id=?
2026-10-03 23:39:42.523 [http-nio-8080-exec-9] DEBUG c.m.mapper.CartMapper.deleteById - ==> Parameters: 20(Long)
2026-10-03 23:39:42.527 [http-nio-8080-exec-9] DEBUG c.m.mapper.CartMapper.deleteById - <==    Updates: 1
2026-10-03 23:39:42.528 [log-async-1] DEBUG c.m.mapper.OperationLogMapper.insert - ==>  Preparing: INSERT INTO operation_logs ( user_id, username, operation_type, operation_desc, ip_address, user_agent, request_uri, request_method, request_params, execution_time, status, browser, os, created_at, updated_at ) VALUES ( ?, ?, ?, ?, ?, ?, ?, ?, ?, ?, ?, ?, ?, ?, ? )
2026-10-03 23:39:42.529 [log-async-1] DEBUG c.m.mapper.OperationLogMapper.insert - ==> Parameters: 15(Integer), 15(String), DELETE(String), CartController.deleteFromCart(String), 0:0:0:0:0:0:0:1(String), Mozilla/5.0 (Windows NT 10.0; Win64; x64) AppleWebKit/537.36 (KHTML, like Gecko) Chrome/154.0.0.0 Safari/537.36(String), /api/cart/20(String), DELETE(String), [20](String), 6(Long), 1(Integer), Chrome(String), Windows(String), 2026-10-03T23:39:42.527652900(LocalDateTime), 2026-10-03T23:39:42.528655500(LocalDateTime)
2026-10-03 23:39:42.532 [log-async-1] DEBUG c.m.mapper.OperationLogMapper.insert - <==    Updates: 1
2026-10-03 23:39:44.253 [http-nio-8080-exec-2] DEBUG c.m.mapper.UserMapper.selectById - ==>  Preparing: SELECT id,account,username,password,email,phone,avatar,gender,age,occupation,hobbies,bio,online,status,signature,nickname,experience,points,permissions,create_time,update_time FROM user WHERE id=?
2026-10-03 23:39:44.254 [http-nio-8080-exec-2] DEBUG c.m.mapper.UserMapper.selectById - ==> Parameters: 15(Long)
2026-10-03 23:39:44.254 [http-nio-8080-exec-5] DEBUG c.m.m.CarouselsMapper.selectList - ==>  Preparing: SELECT id,title,subtitle,image_url,mobile_image_url,thumbnail_url,link_type,link_url,link_target,target_id,button_text,button_color,text_color,text_shadow,overlay_color,overlay_opacity,position,device_type,user_type,start_time,end_time,is_always_show,click_count,impression_count,sort_order,is_active,is_deleted,remark,created_by,created_at,updated_at FROM carousels WHERE (position = ? AND is_active = ? AND (is_deleted = ? OR is_deleted IS NULL) AND (is_always_show = ? OR (start_time <= ? AND end_time >= ?)))
2026-10-03 23:39:44.255 [http-nio-8080-exec-5] DEBUG c.m.m.CarouselsMapper.selectList - ==> Parameters: food(String), true(Boolean), false(Boolean), true(Boolean), 2026-10-03T23:39:44.253528600(LocalDateTime), 2026-10-03T23:39:44.253528600(LocalDateTime)
2026-10-03 23:39:44.255 [http-nio-8080-exec-2] DEBUG c.m.mapper.UserMapper.selectById - <==      Total: 1
2026-10-03 23:39:44.255 [http-nio-8080-exec-3] DEBUG c.m.m.FoodMapper.selectList_mpCount - ==>  Preparing: SELECT COUNT(*) AS total FROM food
2026-10-03 23:39:44.255 [http-nio-8080-exec-3] DEBUG c.m.m.FoodMapper.selectList_mpCount - ==> Parameters: 
2026-10-03 23:39:44.257 [http-nio-8080-exec-5] DEBUG c.m.m.CarouselsMapper.selectList - <==      Total: 3
2026-10-03 23:39:44.257 [http-nio-8080-exec-3] DEBUG c.m.m.FoodMapper.selectList_mpCount - <==      Total: 1
2026-10-03 23:39:44.259 [http-nio-8080-exec-3] DEBUG c.m.mapper.FoodMapper.selectList - ==>  Preparing: SELECT id,name,city,province,address,description,cover_image,images,price,cuisine_type,rating,like_count,collect_count,comment_count,tags,commodity,status,create_time,update_time FROM food ORDER BY create_time DESC LIMIT ?
2026-10-03 23:39:44.259 [http-nio-8080-exec-3] DEBUG c.m.mapper.FoodMapper.selectList - ==> Parameters: 10(Long)
2026-10-03 23:39:44.262 [http-nio-8080-exec-3] DEBUG c.m.mapper.FoodMapper.selectList - <==      Total: 10
2026-10-03 23:39:46.748 [http-nio-8080-exec-3] DEBUG c.m.m.C.selectList - ==>  Preparing: SELECT id,group_name,group_code,description,display_type,auto_play,auto_play_interval,animation_type,show_indicators,show_arrows,pause_on_hover,width,height,aspect_ratio,max_items,is_active,sort_order,created_at,updated_at FROM carousel_groups WHERE (group_code = ? AND is_active = ?)
2026-10-03 23:39:46.748 [http-nio-8080-exec-6] DEBUG c.m.m.T.selectByUserId - ==>  Preparing: SELECT tg.* FROM travel_group tg INNER JOIN group_member gm ON tg.id = gm.group_id WHERE gm.user_id = ? AND tg.deleted = 0
2026-10-03 23:39:46.748 [http-nio-8080-exec-1] DEBUG c.m.m.CarouselsMapper.selectList - ==>  Preparing: SELECT id,title,subtitle,image_url,mobile_image_url,thumbnail_url,link_type,link_url,link_target,target_id,button_text,button_color,text_color,text_shadow,overlay_color,overlay_opacity,position,device_type,user_type,start_time,end_time,is_always_show,click_count,impression_count,sort_order,is_active,is_deleted,remark,created_by,created_at,updated_at FROM carousels WHERE (position = ? AND is_active = ? AND (is_deleted = ? OR is_deleted IS NULL) AND (is_always_show = ? OR (start_time <= ? AND end_time >= ?)))
2026-10-03 23:39:46.749 [http-nio-8080-exec-3] DEBUG c.m.m.C.selectList - ==> Parameters: gc(String), true(Boolean)
2026-10-03 23:39:46.749 [http-nio-8080-exec-6] DEBUG c.m.m.T.selectByUserId - ==> Parameters: 15(Long)
2026-10-03 23:39:46.749 [http-nio-8080-exec-1] DEBUG c.m.m.CarouselsMapper.selectList - ==> Parameters: strategy(String), true(Boolean), false(Boolean), true(Boolean), 2026-10-03T23:39:46.747241100(LocalDateTime), 2026-10-03T23:39:46.747241100(LocalDateTime)
2026-10-03 23:39:46.749 [http-nio-8080-exec-7] DEBUG c.m.m.G.selectByReceiverId - ==>  Preparing: SELECT * FROM group_notification WHERE receiver_id = ? ORDER BY created_at DESC
2026-10-03 23:39:46.751 [http-nio-8080-exec-7] DEBUG c.m.m.G.selectByReceiverId - ==> Parameters: 15(Long)
2026-10-03 23:39:46.751 [http-nio-8080-exec-5] DEBUG c.m.m.G.selectList_mpCount - ==>  Preparing: SELECT COUNT(*) AS total FROM group_travel WHERE (status = ?)
2026-10-03 23:39:46.751 [http-nio-8080-exec-1] DEBUG c.m.m.CarouselsMapper.selectList - <==      Total: 2
2026-10-03 23:39:46.753 [http-nio-8080-exec-5] DEBUG c.m.m.G.selectList_mpCount - ==> Parameters: 1(Integer)
2026-10-03 23:39:46.761 [http-nio-8080-exec-3] DEBUG c.m.m.C.selectList - <==      Total: 0
2026-10-03 23:39:46.762 [http-nio-8080-exec-5] DEBUG c.m.m.G.selectList_mpCount - <==      Total: 1
2026-10-03 23:39:46.762 [http-nio-8080-exec-7] DEBUG c.m.m.G.selectByReceiverId - <==      Total: 0
2026-10-03 23:39:46.762 [http-nio-8080-exec-5] DEBUG c.m.m.GroupTravelMapper.selectList - ==>  Preparing: SELECT id,creator_id,name,description,destination,departure_time,return_time,max_members,current_members,price,images,status,create_time,update_time FROM group_travel WHERE (status = ?) ORDER BY create_time DESC LIMIT ?
2026-10-03 23:39:46.763 [http-nio-8080-exec-5] DEBUG c.m.m.GroupTravelMapper.selectList - ==> Parameters: 1(Integer), 10(Long)
2026-10-03 23:39:46.765 [http-nio-8080-exec-5] DEBUG c.m.m.GroupTravelMapper.selectList - <==      Total: 10
2026-10-03 23:39:46.770 [http-nio-8080-exec-6] DEBUG c.m.m.T.selectByUserId - <==      Total: 4
2026-10-03 23:39:46.774 [http-nio-8080-exec-6] DEBUG c.m.m.GroupMemberMapper.selectCount - ==>  Preparing: SELECT COUNT( * ) AS total FROM group_member WHERE (group_id = ? AND status = ?)
2026-10-03 23:39:46.776 [http-nio-8080-exec-6] DEBUG c.m.m.GroupMemberMapper.selectCount - ==> Parameters: 1(Long), 1(Integer)
2026-10-03 23:39:46.778 [http-nio-8080-exec-6] DEBUG c.m.m.GroupMemberMapper.selectCount - <==      Total: 1
2026-10-03 23:39:46.778 [http-nio-8080-exec-6] DEBUG c.m.mapper.UserMapper.selectById - ==>  Preparing: SELECT id,account,username,password,email,phone,avatar,gender,age,occupation,hobbies,bio,online,status,signature,nickname,experience,points,permissions,create_time,update_time FROM user WHERE id=?
2026-10-03 23:39:46.779 [http-nio-8080-exec-6] DEBUG c.m.mapper.UserMapper.selectById - ==> Parameters: 101(Long)
2026-10-03 23:39:46.779 [http-nio-8080-exec-6] DEBUG c.m.mapper.UserMapper.selectById - <==      Total: 0
2026-10-03 23:39:46.780 [http-nio-8080-exec-6] DEBUG c.m.m.GroupMemberMapper.selectCount - ==>  Preparing: SELECT COUNT( * ) AS total FROM group_member WHERE (group_id = ? AND status = ?)
2026-10-03 23:39:46.781 [http-nio-8080-exec-6] DEBUG c.m.m.GroupMemberMapper.selectCount - ==> Parameters: 2(Long), 1(Integer)
2026-10-03 23:39:46.782 [http-nio-8080-exec-6] DEBUG c.m.m.GroupMemberMapper.selectCount - <==      Total: 1
2026-10-03 23:39:46.782 [http-nio-8080-exec-6] DEBUG c.m.mapper.UserMapper.selectById - ==>  Preparing: SELECT id,account,username,password,email,phone,avatar,gender,age,occupation,hobbies,bio,online,status,signature,nickname,experience,points,permissions,create_time,update_time FROM user WHERE id=?
2026-10-03 23:39:46.783 [http-nio-8080-exec-6] DEBUG c.m.mapper.UserMapper.selectById - ==> Parameters: 102(Long)
2026-10-03 23:39:46.784 [http-nio-8080-exec-6] DEBUG c.m.mapper.UserMapper.selectById - <==      Total: 0
2026-10-03 23:39:46.785 [http-nio-8080-exec-6] DEBUG c.m.m.GroupMemberMapper.selectCount - ==>  Preparing: SELECT COUNT( * ) AS total FROM group_member WHERE (group_id = ? AND status = ?)
2026-10-03 23:39:46.785 [http-nio-8080-exec-6] DEBUG c.m.m.GroupMemberMapper.selectCount - ==> Parameters: 3(Long), 1(Integer)
2026-10-03 23:39:46.786 [http-nio-8080-exec-6] DEBUG c.m.m.GroupMemberMapper.selectCount - <==      Total: 1
2026-10-03 23:39:46.787 [http-nio-8080-exec-6] DEBUG c.m.mapper.UserMapper.selectById - ==>  Preparing: SELECT id,account,username,password,email,phone,avatar,gender,age,occupation,hobbies,bio,online,status,signature,nickname,experience,points,permissions,create_time,update_time FROM user WHERE id=?
2026-10-03 23:39:46.787 [http-nio-8080-exec-6] DEBUG c.m.mapper.UserMapper.selectById - ==> Parameters: 103(Long)
2026-10-03 23:39:46.788 [http-nio-8080-exec-6] DEBUG c.m.mapper.UserMapper.selectById - <==      Total: 0
2026-10-03 23:39:46.789 [http-nio-8080-exec-6] DEBUG c.m.m.GroupMemberMapper.selectCount - ==>  Preparing: SELECT COUNT( * ) AS total FROM group_member WHERE (group_id = ? AND status = ?)
2026-10-03 23:39:46.791 [http-nio-8080-exec-6] DEBUG c.m.m.GroupMemberMapper.selectCount - ==> Parameters: 4(Long), 1(Integer)
2026-10-03 23:39:46.792 [http-nio-8080-exec-6] DEBUG c.m.m.GroupMemberMapper.selectCount - <==      Total: 1
2026-10-03 23:39:46.792 [http-nio-8080-exec-6] DEBUG c.m.mapper.UserMapper.selectById - ==>  Preparing: SELECT id,account,username,password,email,phone,avatar,gender,age,occupation,hobbies,bio,online,status,signature,nickname,experience,points,permissions,create_time,update_time FROM user WHERE id=?
2026-10-03 23:39:46.793 [http-nio-8080-exec-6] DEBUG c.m.mapper.UserMapper.selectById - ==> Parameters: 104(Long)
2026-10-03 23:39:46.793 [http-nio-8080-exec-6] DEBUG c.m.mapper.UserMapper.selectById - <==      Total: 0
2026-10-03 23:39:50.940 [http-nio-8080-exec-4] DEBUG c.m.m.G.selectByGroupId - ==>  Preparing: SELECT * FROM group_post WHERE group_id = ? AND deleted = 0 ORDER BY created_at DESC
2026-10-03 23:39:50.940 [http-nio-8080-exec-7] DEBUG c.m.m.G.selectByGroupIdOrdered - ==>  Preparing: SELECT * FROM group_album WHERE group_id = ? AND deleted = 0 ORDER BY created_at DESC
2026-10-03 23:39:50.940 [http-nio-8080-exec-1] DEBUG c.m.m.G.selectByGroupId - ==>  Preparing: SELECT * FROM group_bill WHERE group_id = ? ORDER BY bill_date DESC
2026-10-03 23:39:50.941 [http-nio-8080-exec-9] DEBUG c.m.m.G.selectByGroupIdOrdered - ==>  Preparing: SELECT * FROM group_trip_plan WHERE group_id = ? ORDER BY day_index ASC, date ASC
2026-10-03 23:39:50.941 [http-nio-8080-exec-2] DEBUG c.m.m.G.selectByGroupId - ==>  Preparing: SELECT * FROM group_member WHERE group_id = ?
2026-10-03 23:39:50.941 [http-nio-8080-exec-7] DEBUG c.m.m.G.selectByGroupIdOrdered - ==> Parameters: 1(Long)
2026-10-03 23:39:50.941 [http-nio-8080-exec-4] DEBUG c.m.m.G.selectByGroupId - ==> Parameters: 1(Long)
2026-10-03 23:39:50.941 [http-nio-8080-exec-1] DEBUG c.m.m.G.selectByGroupId - ==> Parameters: 1(Long)
2026-10-03 23:39:50.941 [http-nio-8080-exec-9] DEBUG c.m.m.G.selectByGroupIdOrdered - ==> Parameters: 1(Long)
2026-10-03 23:39:50.942 [http-nio-8080-exec-2] DEBUG c.m.m.G.selectByGroupId - ==> Parameters: 1(Long)
2026-10-03 23:39:50.943 [http-nio-8080-exec-2] DEBUG c.m.m.G.selectByGroupId - <==      Total: 5
2026-10-03 23:39:50.944 [http-nio-8080-exec-3] DEBUG c.m.m.G.selectByGroupId - ==>  Preparing: SELECT * FROM group_poll WHERE group_id = ? ORDER BY created_at DESC
2026-10-03 23:39:50.945 [http-nio-8080-exec-3] DEBUG c.m.m.G.selectByGroupId - ==> Parameters: 1(Long)
2026-10-03 23:39:50.954 [http-nio-8080-exec-1] DEBUG c.m.m.G.selectByGroupId - <==      Total: 3
2026-10-03 23:39:50.954 [http-nio-8080-exec-9] DEBUG c.m.m.G.selectByGroupIdOrdered - <==      Total: 3
2026-10-03 23:39:50.954 [http-nio-8080-exec-7] DEBUG c.m.m.G.selectByGroupIdOrdered - <==      Total: 3
2026-10-03 23:39:50.954 [http-nio-8080-exec-4] DEBUG c.m.m.G.selectByGroupId - <==      Total: 3
2026-10-03 23:39:50.956 [http-nio-8080-exec-4] DEBUG c.m.mapper.UserMapper.selectById - ==>  Preparing: SELECT id,account,username,password,email,phone,avatar,gender,age,occupation,hobbies,bio,online,status,signature,nickname,experience,points,permissions,create_time,update_time FROM user WHERE id=?
2026-10-03 23:39:50.957 [http-nio-8080-exec-4] DEBUG c.m.mapper.UserMapper.selectById - ==> Parameters: 103(Long)
2026-10-03 23:39:50.957 [http-nio-8080-exec-4] DEBUG c.m.mapper.UserMapper.selectById - <==      Total: 0
2026-10-03 23:39:50.957 [http-nio-8080-exec-3] DEBUG c.m.m.G.selectByGroupId - <==      Total: 2
2026-10-03 23:39:50.961 [http-nio-8080-exec-4] DEBUG c.m.mapper.UserMapper.selectById - ==>  Preparing: SELECT id,account,username,password,email,phone,avatar,gender,age,occupation,hobbies,bio,online,status,signature,nickname,experience,points,permissions,create_time,update_time FROM user WHERE id=?
2026-10-03 23:39:50.962 [http-nio-8080-exec-4] DEBUG c.m.mapper.UserMapper.selectById - ==> Parameters: 102(Long)
2026-10-03 23:39:50.962 [http-nio-8080-exec-3] DEBUG c.m.m.G.selectByPollId - ==>  Preparing: SELECT * FROM group_poll_vote WHERE poll_id = ?
2026-10-03 23:39:50.963 [http-nio-8080-exec-3] DEBUG c.m.m.G.selectByPollId - ==> Parameters: 2(Long)
2026-10-03 23:39:50.963 [http-nio-8080-exec-4] DEBUG c.m.mapper.UserMapper.selectById - <==      Total: 0
2026-10-03 23:39:50.964 [http-nio-8080-exec-4] DEBUG c.m.mapper.UserMapper.selectById - ==>  Preparing: SELECT id,account,username,password,email,phone,avatar,gender,age,occupation,hobbies,bio,online,status,signature,nickname,experience,points,permissions,create_time,update_time FROM user WHERE id=?
2026-10-03 23:39:50.965 [http-nio-8080-exec-4] DEBUG c.m.mapper.UserMapper.selectById - ==> Parameters: 101(Long)
2026-10-03 23:39:50.966 [http-nio-8080-exec-4] DEBUG c.m.mapper.UserMapper.selectById - <==      Total: 0
2026-10-03 23:39:50.970 [http-nio-8080-exec-3] DEBUG c.m.m.G.selectByPollId - <==      Total: 2
2026-10-03 23:39:50.971 [http-nio-8080-exec-3] DEBUG c.m.m.G.selectByPollAndUser - ==>  Preparing: SELECT * FROM group_poll_vote WHERE poll_id = ? AND user_id = ?
2026-10-03 23:39:50.972 [http-nio-8080-exec-3] DEBUG c.m.m.G.selectByPollAndUser - ==> Parameters: 2(Long), 15(Long)
2026-10-03 23:39:50.973 [http-nio-8080-exec-3] DEBUG c.m.m.G.selectByPollAndUser - <==      Total: 0
2026-10-03 23:39:50.974 [http-nio-8080-exec-3] DEBUG c.m.m.G.selectByPollId - ==>  Preparing: SELECT * FROM group_poll_vote WHERE poll_id = ?
2026-10-03 23:39:50.975 [http-nio-8080-exec-3] DEBUG c.m.m.G.selectByPollId - ==> Parameters: 1(Long)
2026-10-03 23:39:50.975 [http-nio-8080-exec-3] DEBUG c.m.m.G.selectByPollId - <==      Total: 3
2026-10-03 23:39:50.976 [http-nio-8080-exec-3] DEBUG c.m.m.G.selectByPollAndUser - ==>  Preparing: SELECT * FROM group_poll_vote WHERE poll_id = ? AND user_id = ?
2026-10-03 23:39:50.977 [http-nio-8080-exec-3] DEBUG c.m.m.G.selectByPollAndUser - ==> Parameters: 1(Long), 15(Long)
2026-10-03 23:39:50.978 [http-nio-8080-exec-3] DEBUG c.m.m.G.selectByPollAndUser - <==      Total: 0
2026-10-03 23:39:59.357 [http-nio-8080-exec-10] DEBUG c.m.m.T.selectByUserId - ==>  Preparing: SELECT tg.* FROM travel_group tg INNER JOIN group_member gm ON tg.id = gm.group_id WHERE gm.user_id = ? AND tg.deleted = 0
2026-10-03 23:39:59.357 [http-nio-8080-exec-10] DEBUG c.m.m.T.selectByUserId - ==> Parameters: 15(Long)
2026-10-03 23:39:59.359 [http-nio-8080-exec-10] DEBUG c.m.m.T.selectByUserId - <==      Total: 4
2026-10-03 23:39:59.360 [http-nio-8080-exec-10] DEBUG c.m.m.GroupMemberMapper.selectCount - ==>  Preparing: SELECT COUNT( * ) AS total FROM group_member WHERE (group_id = ? AND status = ?)
2026-10-03 23:39:59.361 [http-nio-8080-exec-10] DEBUG c.m.m.GroupMemberMapper.selectCount - ==> Parameters: 1(Long), 1(Integer)
2026-10-03 23:39:59.362 [http-nio-8080-exec-10] DEBUG c.m.m.GroupMemberMapper.selectCount - <==      Total: 1
2026-10-03 23:39:59.363 [http-nio-8080-exec-10] DEBUG c.m.mapper.UserMapper.selectById - ==>  Preparing: SELECT id,account,username,password,email,phone,avatar,gender,age,occupation,hobbies,bio,online,status,signature,nickname,experience,points,permissions,create_time,update_time FROM user WHERE id=?
2026-10-03 23:39:59.363 [http-nio-8080-exec-10] DEBUG c.m.mapper.UserMapper.selectById - ==> Parameters: 101(Long)
2026-10-03 23:39:59.364 [http-nio-8080-exec-10] DEBUG c.m.mapper.UserMapper.selectById - <==      Total: 0
2026-10-03 23:39:59.365 [http-nio-8080-exec-10] DEBUG c.m.m.GroupMemberMapper.selectCount - ==>  Preparing: SELECT COUNT( * ) AS total FROM group_member WHERE (group_id = ? AND status = ?)
2026-10-03 23:39:59.365 [http-nio-8080-exec-10] DEBUG c.m.m.GroupMemberMapper.selectCount - ==> Parameters: 2(Long), 1(Integer)
2026-10-03 23:39:59.366 [http-nio-8080-exec-10] DEBUG c.m.m.GroupMemberMapper.selectCount - <==      Total: 1
2026-10-03 23:39:59.367 [http-nio-8080-exec-10] DEBUG c.m.mapper.UserMapper.selectById - ==>  Preparing: SELECT id,account,username,password,email,phone,avatar,gender,age,occupation,hobbies,bio,online,status,signature,nickname,experience,points,permissions,create_time,update_time FROM user WHERE id=?
2026-10-03 23:39:59.367 [http-nio-8080-exec-10] DEBUG c.m.mapper.UserMapper.selectById - ==> Parameters: 102(Long)
2026-10-03 23:39:59.368 [http-nio-8080-exec-10] DEBUG c.m.mapper.UserMapper.selectById - <==      Total: 0
2026-10-03 23:39:59.369 [http-nio-8080-exec-10] DEBUG c.m.m.GroupMemberMapper.selectCount - ==>  Preparing: SELECT COUNT( * ) AS total FROM group_member WHERE (group_id = ? AND status = ?)
2026-10-03 23:39:59.369 [http-nio-8080-exec-10] DEBUG c.m.m.GroupMemberMapper.selectCount - ==> Parameters: 3(Long), 1(Integer)
2026-10-03 23:39:59.371 [http-nio-8080-exec-10] DEBUG c.m.m.GroupMemberMapper.selectCount - <==      Total: 1
2026-10-03 23:39:59.371 [http-nio-8080-exec-10] DEBUG c.m.mapper.UserMapper.selectById - ==>  Preparing: SELECT id,account,username,password,email,phone,avatar,gender,age,occupation,hobbies,bio,online,status,signature,nickname,experience,points,permissions,create_time,update_time FROM user WHERE id=?
2026-10-03 23:39:59.372 [http-nio-8080-exec-10] DEBUG c.m.mapper.UserMapper.selectById - ==> Parameters: 103(Long)
2026-10-03 23:39:59.373 [http-nio-8080-exec-10] DEBUG c.m.mapper.UserMapper.selectById - <==      Total: 0
2026-10-03 23:39:59.373 [http-nio-8080-exec-10] DEBUG c.m.m.GroupMemberMapper.selectCount - ==>  Preparing: SELECT COUNT( * ) AS total FROM group_member WHERE (group_id = ? AND status = ?)
2026-10-03 23:39:59.374 [http-nio-8080-exec-10] DEBUG c.m.m.GroupMemberMapper.selectCount - ==> Parameters: 4(Long), 1(Integer)
2026-10-03 23:39:59.375 [http-nio-8080-exec-10] DEBUG c.m.m.GroupMemberMapper.selectCount - <==      Total: 1
2026-10-03 23:39:59.375 [http-nio-8080-exec-10] DEBUG c.m.mapper.UserMapper.selectById - ==>  Preparing: SELECT id,account,username,password,email,phone,avatar,gender,age,occupation,hobbies,bio,online,status,signature,nickname,experience,points,permissions,create_time,update_time FROM user WHERE id=?
2026-10-03 23:39:59.375 [http-nio-8080-exec-10] DEBUG c.m.mapper.UserMapper.selectById - ==> Parameters: 104(Long)
2026-10-03 23:39:59.377 [http-nio-8080-exec-10] DEBUG c.m.mapper.UserMapper.selectById - <==      Total: 0
2026-10-03 23:40:07.617 [log-async-2] DEBUG c.m.mapper.OperationLogMapper.insert - ==>  Preparing: INSERT INTO operation_logs ( user_id, username, operation_type, operation_desc, ip_address, user_agent, request_uri, request_method, request_params, execution_time, status, browser, os, created_at, updated_at ) VALUES ( ?, ?, ?, ?, ?, ?, ?, ?, ?, ?, ?, ?, ?, ?, ? )
2026-10-03 23:40:07.618 [log-async-2] DEBUG c.m.mapper.OperationLogMapper.insert - ==> Parameters: 15(Integer), 15(String), ADD(String), TravelGroupController.uploadImage(String), 0:0:0:0:0:0:0:1(String), Mozilla/5.0 (Windows NT 10.0; Win64; x64) AppleWebKit/537.36 (KHTML, like Gecko) Chrome/154.0.0.0 Safari/537.36(String), /api/group/upload(String), POST(String), [](String), 192(Long), 1(Integer), Chrome(String), Windows(String), 2026-10-03T23:40:07.615906800(LocalDateTime), 2026-10-03T23:40:07.616909400(LocalDateTime)
2026-10-03 23:40:07.622 [log-async-2] DEBUG c.m.mapper.OperationLogMapper.insert - <==    Updates: 1
2026-10-03 23:47:41.028 [http-nio-8080-exec-1] DEBUG c.m.m.P.selectList_mpCount - ==>  Preparing: SELECT COUNT(*) AS total FROM product
2026-10-03 23:47:41.029 [http-nio-8080-exec-1] DEBUG c.m.m.P.selectList_mpCount - ==> Parameters: 
2026-10-03 23:47:41.040 [http-nio-8080-exec-1] DEBUG c.m.m.P.selectList_mpCount - <==      Total: 1
2026-10-03 23:47:41.040 [http-nio-8080-exec-1] DEBUG c.m.mapper.ProductMapper.selectList - ==>  Preparing: SELECT id,name,type,city,province,description,cover_image,images,price,stock,rating,like_count,collect_count,comment_count,commodity,tags,status,create_time,update_time FROM product ORDER BY create_time DESC LIMIT ?
2026-10-03 23:47:41.042 [http-nio-8080-exec-1] DEBUG c.m.mapper.ProductMapper.selectList - ==> Parameters: 10(Long)
2026-10-03 23:47:41.044 [http-nio-8080-exec-1] DEBUG c.m.mapper.ProductMapper.selectList - <==      Total: 10
2026-10-03 23:48:02.091 [http-nio-8080-exec-9] DEBUG c.m.m.T.selectByUserId - ==>  Preparing: SELECT tg.* FROM travel_group tg INNER JOIN group_member gm ON tg.id = gm.group_id WHERE gm.user_id = ? AND tg.deleted = 0
2026-10-03 23:48:02.092 [http-nio-8080-exec-9] DEBUG c.m.m.T.selectByUserId - ==> Parameters: 15(Long)
2026-10-03 23:48:02.093 [http-nio-8080-exec-9] DEBUG c.m.m.T.selectByUserId - <==      Total: 4
2026-10-03 23:48:02.094 [http-nio-8080-exec-9] DEBUG c.m.m.GroupMemberMapper.selectCount - ==>  Preparing: SELECT COUNT( * ) AS total FROM group_member WHERE (group_id = ? AND status = ?)
2026-10-03 23:48:02.095 [http-nio-8080-exec-9] DEBUG c.m.m.GroupMemberMapper.selectCount - ==> Parameters: 1(Long), 1(Integer)
2026-10-03 23:48:02.095 [http-nio-8080-exec-9] DEBUG c.m.m.GroupMemberMapper.selectCount - <==      Total: 1
2026-10-03 23:48:02.096 [http-nio-8080-exec-9] DEBUG c.m.mapper.UserMapper.selectById - ==>  Preparing: SELECT id,account,username,password,email,phone,avatar,gender,age,occupation,hobbies,bio,online,status,signature,nickname,experience,points,permissions,create_time,update_time FROM user WHERE id=?
2026-10-03 23:48:02.096 [http-nio-8080-exec-9] DEBUG c.m.mapper.UserMapper.selectById - ==> Parameters: 101(Long)
2026-10-03 23:48:02.097 [http-nio-8080-exec-9] DEBUG c.m.mapper.UserMapper.selectById - <==      Total: 0
2026-10-03 23:48:02.097 [http-nio-8080-exec-9] DEBUG c.m.m.GroupMemberMapper.selectCount - ==>  Preparing: SELECT COUNT( * ) AS total FROM group_member WHERE (group_id = ? AND status = ?)
2026-10-03 23:48:02.099 [http-nio-8080-exec-9] DEBUG c.m.m.GroupMemberMapper.selectCount - ==> Parameters: 2(Long), 1(Integer)
2026-10-03 23:48:02.099 [http-nio-8080-exec-9] DEBUG c.m.m.GroupMemberMapper.selectCount - <==      Total: 1
2026-10-03 23:48:02.100 [http-nio-8080-exec-9] DEBUG c.m.mapper.UserMapper.selectById - ==>  Preparing: SELECT id,account,username,password,email,phone,avatar,gender,age,occupation,hobbies,bio,online,status,signature,nickname,experience,points,permissions,create_time,update_time FROM user WHERE id=?
2026-10-03 23:48:02.100 [http-nio-8080-exec-9] DEBUG c.m.mapper.UserMapper.selectById - ==> Parameters: 102(Long)
2026-10-03 23:48:02.101 [http-nio-8080-exec-9] DEBUG c.m.mapper.UserMapper.selectById - <==      Total: 0
2026-10-03 23:48:02.102 [http-nio-8080-exec-9] DEBUG c.m.m.GroupMemberMapper.selectCount - ==>  Preparing: SELECT COUNT( * ) AS total FROM group_member WHERE (group_id = ? AND status = ?)
2026-10-03 23:48:02.102 [http-nio-8080-exec-9] DEBUG c.m.m.GroupMemberMapper.selectCount - ==> Parameters: 3(Long), 1(Integer)
2026-10-03 23:48:02.103 [http-nio-8080-exec-9] DEBUG c.m.m.GroupMemberMapper.selectCount - <==      Total: 1
2026-10-03 23:48:02.104 [http-nio-8080-exec-9] DEBUG c.m.mapper.UserMapper.selectById - ==>  Preparing: SELECT id,account,username,password,email,phone,avatar,gender,age,occupation,hobbies,bio,online,status,signature,nickname,experience,points,permissions,create_time,update_time FROM user WHERE id=?
2026-10-03 23:48:02.105 [http-nio-8080-exec-9] DEBUG c.m.mapper.UserMapper.selectById - ==> Parameters: 103(Long)
2026-10-03 23:48:02.105 [http-nio-8080-exec-9] DEBUG c.m.mapper.UserMapper.selectById - <==      Total: 0
2026-10-03 23:48:02.106 [http-nio-8080-exec-9] DEBUG c.m.m.GroupMemberMapper.selectCount - ==>  Preparing: SELECT COUNT( * ) AS total FROM group_member WHERE (group_id = ? AND status = ?)
2026-10-03 23:48:02.106 [http-nio-8080-exec-9] DEBUG c.m.m.GroupMemberMapper.selectCount - ==> Parameters: 4(Long), 1(Integer)
2026-10-03 23:48:02.107 [http-nio-8080-exec-9] DEBUG c.m.m.GroupMemberMapper.selectCount - <==      Total: 1
2026-10-03 23:48:02.108 [http-nio-8080-exec-9] DEBUG c.m.mapper.UserMapper.selectById - ==>  Preparing: SELECT id,account,username,password,email,phone,avatar,gender,age,occupation,hobbies,bio,online,status,signature,nickname,experience,points,permissions,create_time,update_time FROM user WHERE id=?
2026-10-03 23:48:02.109 [http-nio-8080-exec-9] DEBUG c.m.mapper.UserMapper.selectById - ==> Parameters: 104(Long)
2026-10-03 23:48:02.110 [http-nio-8080-exec-9] DEBUG c.m.mapper.UserMapper.selectById - <==      Total: 0
2026-10-03 23:48:05.468 [http-nio-8080-exec-4] DEBUG c.m.m.C.selectList_mpCount - ==>  Preparing: SELECT COUNT(*) AS total FROM community_post WHERE (status = ?)
2026-10-03 23:48:05.470 [http-nio-8080-exec-4] DEBUG c.m.m.C.selectList_mpCount - ==> Parameters: 1(Integer)
2026-10-03 23:48:05.481 [http-nio-8080-exec-4] DEBUG c.m.m.C.selectList_mpCount - <==      Total: 1
2026-10-03 23:48:05.481 [http-nio-8080-exec-4] DEBUG c.m.m.CommunityPostMapper.selectList - ==>  Preparing: SELECT id,user_id,title,content,images,videos,like_count,comment_count,collect_count,status,create_time,update_time FROM community_post WHERE (status = ?) ORDER BY create_time DESC LIMIT ?
2026-10-03 23:48:05.483 [http-nio-8080-exec-4] DEBUG c.m.m.CommunityPostMapper.selectList - ==> Parameters: 1(Integer), 10(Long)
2026-10-03 23:48:05.484 [http-nio-8080-exec-4] DEBUG c.m.m.CommunityPostMapper.selectList - <==      Total: 10
2026-10-03 23:48:05.487 [http-nio-8080-exec-4] DEBUG c.m.mapper.UserMapper.selectById - ==>  Preparing: SELECT id,account,username,password,email,phone,avatar,gender,age,occupation,hobbies,bio,online,status,signature,nickname,experience,points,permissions,create_time,update_time FROM user WHERE id=?
2026-10-03 23:48:05.488 [http-nio-8080-exec-4] DEBUG c.m.mapper.UserMapper.selectById - ==> Parameters: 15(Long)
2026-10-03 23:48:05.488 [http-nio-8080-exec-4] DEBUG c.m.mapper.UserMapper.selectById - <==      Total: 1
2026-10-03 23:48:05.490 [http-nio-8080-exec-4] DEBUG c.m.mapper.UserMapper.selectById - ==>  Preparing: SELECT id,account,username,password,email,phone,avatar,gender,age,occupation,hobbies,bio,online,status,signature,nickname,experience,points,permissions,create_time,update_time FROM user WHERE id=?
2026-10-03 23:48:05.490 [http-nio-8080-exec-4] DEBUG c.m.mapper.UserMapper.selectById - ==> Parameters: 19(Long)
2026-10-03 23:48:05.491 [http-nio-8080-exec-4] DEBUG c.m.mapper.UserMapper.selectById - <==      Total: 1
2026-10-03 23:48:05.492 [http-nio-8080-exec-4] DEBUG c.m.mapper.UserMapper.selectById - ==>  Preparing: SELECT id,account,username,password,email,phone,avatar,gender,age,occupation,hobbies,bio,online,status,signature,nickname,experience,points,permissions,create_time,update_time FROM user WHERE id=?
2026-10-03 23:48:05.492 [http-nio-8080-exec-4] DEBUG c.m.mapper.UserMapper.selectById - ==> Parameters: 21(Long)
2026-10-03 23:48:05.493 [http-nio-8080-exec-4] DEBUG c.m.mapper.UserMapper.selectById - <==      Total: 1
2026-10-03 23:48:05.493 [http-nio-8080-exec-4] DEBUG c.m.mapper.UserMapper.selectById - ==>  Preparing: SELECT id,account,username,password,email,phone,avatar,gender,age,occupation,hobbies,bio,online,status,signature,nickname,experience,points,permissions,create_time,update_time FROM user WHERE id=?
2026-10-03 23:48:05.494 [http-nio-8080-exec-4] DEBUG c.m.mapper.UserMapper.selectById - ==> Parameters: 22(Long)
2026-10-03 23:48:05.495 [http-nio-8080-exec-4] DEBUG c.m.mapper.UserMapper.selectById - <==      Total: 1
2026-10-03 23:48:05.496 [http-nio-8080-exec-4] DEBUG c.m.mapper.UserMapper.selectById - ==>  Preparing: SELECT id,account,username,password,email,phone,avatar,gender,age,occupation,hobbies,bio,online,status,signature,nickname,experience,points,permissions,create_time,update_time FROM user WHERE id=?
2026-10-03 23:48:05.496 [http-nio-8080-exec-4] DEBUG c.m.mapper.UserMapper.selectById - ==> Parameters: 7(Long)
2026-10-03 23:48:05.496 [http-nio-8080-exec-4] DEBUG c.m.mapper.UserMapper.selectById - <==      Total: 0
2026-10-03 23:48:05.499 [http-nio-8080-exec-4] DEBUG c.m.mapper.UserMapper.selectById - ==>  Preparing: SELECT id,account,username,password,email,phone,avatar,gender,age,occupation,hobbies,bio,online,status,signature,nickname,experience,points,permissions,create_time,update_time FROM user WHERE id=?
2026-10-03 23:48:05.499 [http-nio-8080-exec-4] DEBUG c.m.mapper.UserMapper.selectById - ==> Parameters: 6(Long)
2026-10-03 23:48:05.500 [http-nio-8080-exec-4] DEBUG c.m.mapper.UserMapper.selectById - <==      Total: 0
2026-10-03 23:48:05.501 [http-nio-8080-exec-4] DEBUG c.m.mapper.UserMapper.selectById - ==>  Preparing: SELECT id,account,username,password,email,phone,avatar,gender,age,occupation,hobbies,bio,online,status,signature,nickname,experience,points,permissions,create_time,update_time FROM user WHERE id=?
2026-10-03 23:48:05.501 [http-nio-8080-exec-4] DEBUG c.m.mapper.UserMapper.selectById - ==> Parameters: 5(Long)
2026-10-03 23:48:05.501 [http-nio-8080-exec-4] DEBUG c.m.mapper.UserMapper.selectById - <==      Total: 0
2026-10-03 23:48:05.502 [http-nio-8080-exec-4] DEBUG c.m.mapper.UserMapper.selectById - ==>  Preparing: SELECT id,account,username,password,email,phone,avatar,gender,age,occupation,hobbies,bio,online,status,signature,nickname,experience,points,permissions,create_time,update_time FROM user WHERE id=?
2026-10-03 23:48:05.503 [http-nio-8080-exec-4] DEBUG c.m.mapper.UserMapper.selectById - ==> Parameters: 4(Long)
2026-10-03 23:48:05.503 [http-nio-8080-exec-4] DEBUG c.m.mapper.UserMapper.selectById - <==      Total: 0
2026-10-03 23:48:05.505 [http-nio-8080-exec-4] DEBUG c.m.mapper.UserMapper.selectById - ==>  Preparing: SELECT id,account,username,password,email,phone,avatar,gender,age,occupation,hobbies,bio,online,status,signature,nickname,experience,points,permissions,create_time,update_time FROM user WHERE id=?
2026-10-03 23:48:05.505 [http-nio-8080-exec-4] DEBUG c.m.mapper.UserMapper.selectById - ==> Parameters: 3(Long)
2026-10-03 23:48:05.505 [http-nio-8080-exec-4] DEBUG c.m.mapper.UserMapper.selectById - <==      Total: 0
2026-10-03 23:48:05.506 [http-nio-8080-exec-4] DEBUG c.m.mapper.UserMapper.selectById - ==>  Preparing: SELECT id,account,username,password,email,phone,avatar,gender,age,occupation,hobbies,bio,online,status,signature,nickname,experience,points,permissions,create_time,update_time FROM user WHERE id=?
2026-10-03 23:48:05.506 [http-nio-8080-exec-4] DEBUG c.m.mapper.UserMapper.selectById - ==> Parameters: 2(Long)
2026-10-03 23:48:05.507 [http-nio-8080-exec-4] DEBUG c.m.mapper.UserMapper.selectById - <==      Total: 0
2026-10-03 23:48:07.546 [http-nio-8080-exec-10] DEBUG c.m.m.T.selectByUserId - ==>  Preparing: SELECT tg.* FROM travel_group tg INNER JOIN group_member gm ON tg.id = gm.group_id WHERE gm.user_id = ? AND tg.deleted = 0
2026-10-03 23:48:07.546 [http-nio-8080-exec-10] DEBUG c.m.m.T.selectByUserId - ==> Parameters: 15(Long)
2026-10-03 23:48:07.547 [http-nio-8080-exec-10] DEBUG c.m.m.T.selectByUserId - <==      Total: 4
2026-10-03 23:48:07.551 [http-nio-8080-exec-10] DEBUG c.m.m.GroupMemberMapper.selectCount - ==>  Preparing: SELECT COUNT( * ) AS total FROM group_member WHERE (group_id = ? AND status = ?)
2026-10-03 23:48:07.552 [http-nio-8080-exec-10] DEBUG c.m.m.GroupMemberMapper.selectCount - ==> Parameters: 1(Long), 1(Integer)
2026-10-03 23:48:07.553 [http-nio-8080-exec-10] DEBUG c.m.m.GroupMemberMapper.selectCount - <==      Total: 1
2026-10-03 23:48:07.553 [http-nio-8080-exec-10] DEBUG c.m.mapper.UserMapper.selectById - ==>  Preparing: SELECT id,account,username,password,email,phone,avatar,gender,age,occupation,hobbies,bio,online,status,signature,nickname,experience,points,permissions,create_time,update_time FROM user WHERE id=?
2026-10-03 23:48:07.553 [http-nio-8080-exec-10] DEBUG c.m.mapper.UserMapper.selectById - ==> Parameters: 101(Long)
2026-10-03 23:48:07.553 [http-nio-8080-exec-10] DEBUG c.m.mapper.UserMapper.selectById - <==      Total: 0
2026-10-03 23:48:07.554 [http-nio-8080-exec-10] DEBUG c.m.m.GroupMemberMapper.selectCount - ==>  Preparing: SELECT COUNT( * ) AS total FROM group_member WHERE (group_id = ? AND status = ?)
2026-10-03 23:48:07.555 [http-nio-8080-exec-10] DEBUG c.m.m.GroupMemberMapper.selectCount - ==> Parameters: 2(Long), 1(Integer)
2026-10-03 23:48:07.556 [http-nio-8080-exec-10] DEBUG c.m.m.GroupMemberMapper.selectCount - <==      Total: 1
2026-10-03 23:48:07.556 [http-nio-8080-exec-10] DEBUG c.m.mapper.UserMapper.selectById - ==>  Preparing: SELECT id,account,username,password,email,phone,avatar,gender,age,occupation,hobbies,bio,online,status,signature,nickname,experience,points,permissions,create_time,update_time FROM user WHERE id=?
2026-10-03 23:48:07.557 [http-nio-8080-exec-10] DEBUG c.m.mapper.UserMapper.selectById - ==> Parameters: 102(Long)
2026-10-03 23:48:07.558 [http-nio-8080-exec-10] DEBUG c.m.mapper.UserMapper.selectById - <==      Total: 0
2026-10-03 23:48:07.558 [http-nio-8080-exec-10] DEBUG c.m.m.GroupMemberMapper.selectCount - ==>  Preparing: SELECT COUNT( * ) AS total FROM group_member WHERE (group_id = ? AND status = ?)
2026-10-03 23:48:07.559 [http-nio-8080-exec-10] DEBUG c.m.m.GroupMemberMapper.selectCount - ==> Parameters: 3(Long), 1(Integer)
2026-10-03 23:48:07.561 [http-nio-8080-exec-10] DEBUG c.m.m.GroupMemberMapper.selectCount - <==      Total: 1
2026-10-03 23:48:07.561 [http-nio-8080-exec-10] DEBUG c.m.mapper.UserMapper.selectById - ==>  Preparing: SELECT id,account,username,password,email,phone,avatar,gender,age,occupation,hobbies,bio,online,status,signature,nickname,experience,points,permissions,create_time,update_time FROM user WHERE id=?
2026-10-03 23:48:07.562 [http-nio-8080-exec-10] DEBUG c.m.mapper.UserMapper.selectById - ==> Parameters: 103(Long)
2026-10-03 23:48:07.563 [http-nio-8080-exec-10] DEBUG c.m.mapper.UserMapper.selectById - <==      Total: 0
2026-10-03 23:48:07.563 [http-nio-8080-exec-10] DEBUG c.m.m.GroupMemberMapper.selectCount - ==>  Preparing: SELECT COUNT( * ) AS total FROM group_member WHERE (group_id = ? AND status = ?)
2026-10-03 23:48:07.563 [http-nio-8080-exec-10] DEBUG c.m.m.GroupMemberMapper.selectCount - ==> Parameters: 4(Long), 1(Integer)
2026-10-03 23:48:07.564 [http-nio-8080-exec-10] DEBUG c.m.m.GroupMemberMapper.selectCount - <==      Total: 1
2026-10-03 23:48:07.565 [http-nio-8080-exec-10] DEBUG c.m.mapper.UserMapper.selectById - ==>  Preparing: SELECT id,account,username,password,email,phone,avatar,gender,age,occupation,hobbies,bio,online,status,signature,nickname,experience,points,permissions,create_time,update_time FROM user WHERE id=?
2026-10-03 23:48:07.565 [http-nio-8080-exec-10] DEBUG c.m.mapper.UserMapper.selectById - ==> Parameters: 104(Long)
2026-10-03 23:48:07.566 [http-nio-8080-exec-10] DEBUG c.m.mapper.UserMapper.selectById - <==      Total: 0
2026-10-03 23:48:13.380 [http-nio-8080-exec-6] DEBUG c.m.m.P.selectList - ==>  Preparing: SELECT id,name,description,points_price,stock,image_url,status,create_time,update_time FROM points_products
2026-10-03 23:48:13.381 [http-nio-8080-exec-6] DEBUG c.m.m.P.selectList - ==> Parameters: 
2026-10-03 23:48:13.390 [http-nio-8080-exec-6] DEBUG c.m.m.P.selectList - <==      Total: 3
2026-10-03 23:48:28.005 [log-async-3] DEBUG c.m.mapper.OperationLogMapper.insert - ==>  Preparing: INSERT INTO operation_logs ( user_id, username, operation_type, operation_desc, ip_address, user_agent, request_uri, request_method, request_params, execution_time, status, browser, os, created_at, updated_at ) VALUES ( ?, ?, ?, ?, ?, ?, ?, ?, ?, ?, ?, ?, ?, ?, ? )
2026-10-03 23:48:28.006 [log-async-3] DEBUG c.m.mapper.OperationLogMapper.insert - ==> Parameters: 15(Integer), 15(String), ADD(String), PointsProductsController.uploadImage(String), 0:0:0:0:0:0:0:1(String), Mozilla/5.0 (Windows NT 10.0; Win64; x64) AppleWebKit/537.36 (KHTML, like Gecko) Chrome/154.0.0.0 Safari/537.36(String), /api/points/products/upload(String), POST(String), [](String), 11(Long), 1(Integer), Chrome(String), Windows(String), 2026-10-03T23:48:28.005801900(LocalDateTime), 2026-10-03T23:48:28.005801900(LocalDateTime)
2026-10-03 23:48:28.010 [log-async-3] DEBUG c.m.mapper.OperationLogMapper.insert - <==    Updates: 1
2026-10-03 23:48:33.698 [log-async-4] DEBUG c.m.mapper.OperationLogMapper.insert - ==>  Preparing: INSERT INTO operation_logs ( user_id, username, operation_type, operation_desc, ip_address, user_agent, request_uri, request_method, request_params, execution_time, status, browser, os, created_at, updated_at ) VALUES ( ?, ?, ?, ?, ?, ?, ?, ?, ?, ?, ?, ?, ?, ?, ? )
2026-10-03 23:48:33.698 [log-async-4] DEBUG c.m.mapper.OperationLogMapper.insert - ==> Parameters: 15(Integer), 15(String), ADD(String), PointsProductsController.uploadImage(String), 0:0:0:0:0:0:0:1(String), Mozilla/5.0 (Windows NT 10.0; Win64; x64) AppleWebKit/537.36 (KHTML, like Gecko) Chrome/154.0.0.0 Safari/537.36(String), /api/points/products/upload(String), POST(String), [](String), 62(Long), 1(Integer), Chrome(String), Windows(String), 2026-10-03T23:48:33.697323400(LocalDateTime), 2026-10-03T23:48:33.698335500(LocalDateTime)
2026-10-03 23:48:33.703 [log-async-4] DEBUG c.m.mapper.OperationLogMapper.insert - <==    Updates: 1
2026-10-03 23:48:35.040 [http-nio-8080-exec-8] DEBUG c.m.m.P.selectById - ==>  Preparing: SELECT id,name,description,points_price,stock,image_url,status,create_time,update_time FROM points_products WHERE id=?
2026-10-03 23:48:35.041 [http-nio-8080-exec-8] DEBUG c.m.m.P.selectById - ==> Parameters: 1(Long)
2026-10-03 23:48:35.043 [http-nio-8080-exec-8] DEBUG c.m.m.P.selectById - <==      Total: 1
2026-10-03 23:48:35.047 [http-nio-8080-exec-8] DEBUG c.m.m.P.updateById - ==>  Preparing: UPDATE points_products SET name=?, description=?, points_price=?, stock=?, image_url=?, status=? WHERE id=?
2026-10-03 23:48:35.048 [http-nio-8080-exec-8] DEBUG c.m.m.P.updateById - ==> Parameters: 小米手环(String), 智能运动手环(String), 500(Integer), 100(Integer), http://localhost:8080/upload/d0b35fd7-f309-4652-83dd-980549187934.jpg(String), 1(Integer), 1(Long)
2026-10-03 23:48:35.051 [http-nio-8080-exec-8] DEBUG c.m.m.P.updateById - <==    Updates: 1
2026-10-03 23:48:35.056 [log-async-5] DEBUG c.m.mapper.OperationLogMapper.insert - ==>  Preparing: INSERT INTO operation_logs ( user_id, username, operation_type, operation_desc, ip_address, user_agent, request_uri, request_method, request_params, execution_time, status, browser, os, created_at, updated_at ) VALUES ( ?, ?, ?, ?, ?, ?, ?, ?, ?, ?, ?, ?, ?, ?, ? )
2026-10-03 23:48:35.057 [log-async-5] DEBUG c.m.mapper.OperationLogMapper.insert - ==> Parameters: 15(Integer), 15(String), UPDATE(String), PointsProductsController.updateProduct(String), 0:0:0:0:0:0:0:1(String), Mozilla/5.0 (Windows NT 10.0; Win64; x64) AppleWebKit/537.36 (KHTML, like Gecko) Chrome/154.0.0.0 Safari/537.36(String), /api/points/products/1(String), PUT(String), [1,{"description":"智能运动手环","id":1,"imageUrl":"http://localhost:8080/upload/d0b35fd7-f309-4652-83dd-980549187934.jpg","name":"小米手环","pointsPrice":500,"status":1,"stock":100}](String), 11(Long), 1(Integer), Chrome(String), Windows(String), 2026-10-03T23:48:35.055770400(LocalDateTime), 2026-10-03T23:48:35.056768100(LocalDateTime)
2026-10-03 23:48:35.059 [log-async-5] DEBUG c.m.mapper.OperationLogMapper.insert - <==    Updates: 1
2026-10-03 23:48:35.099 [http-nio-8080-exec-10] DEBUG c.m.m.P.selectList - ==>  Preparing: SELECT id,name,description,points_price,stock,image_url,status,create_time,update_time FROM points_products
2026-10-03 23:48:35.100 [http-nio-8080-exec-10] DEBUG c.m.m.P.selectList - ==> Parameters: 
2026-10-03 23:48:35.100 [http-nio-8080-exec-10] DEBUG c.m.m.P.selectList - <==      Total: 3
2026-10-03 23:48:41.929 [log-async-1] DEBUG c.m.mapper.OperationLogMapper.insert - ==>  Preparing: INSERT INTO operation_logs ( user_id, username, operation_type, operation_desc, ip_address, user_agent, request_uri, request_method, request_params, execution_time, status, browser, os, created_at, updated_at ) VALUES ( ?, ?, ?, ?, ?, ?, ?, ?, ?, ?, ?, ?, ?, ?, ? )
2026-10-03 23:48:41.930 [log-async-1] DEBUG c.m.mapper.OperationLogMapper.insert - ==> Parameters: 15(Integer), 15(String), ADD(String), PointsProductsController.uploadImage(String), 0:0:0:0:0:0:0:1(String), Mozilla/5.0 (Windows NT 10.0; Win64; x64) AppleWebKit/537.36 (KHTML, like Gecko) Chrome/154.0.0.0 Safari/537.36(String), /api/points/products/upload(String), POST(String), [](String), 5(Long), 1(Integer), Chrome(String), Windows(String), 2026-10-03T23:48:41.929337200(LocalDateTime), 2026-10-03T23:48:41.929337200(LocalDateTime)
2026-10-03 23:48:41.933 [log-async-1] DEBUG c.m.mapper.OperationLogMapper.insert - <==    Updates: 1
2026-10-03 23:48:43.060 [http-nio-8080-exec-7] DEBUG c.m.m.P.selectById - ==>  Preparing: SELECT id,name,description,points_price,stock,image_url,status,create_time,update_time FROM points_products WHERE id=?
2026-10-03 23:48:43.061 [http-nio-8080-exec-7] DEBUG c.m.m.P.selectById - ==> Parameters: 2(Long)
2026-10-03 23:48:43.062 [http-nio-8080-exec-7] DEBUG c.m.m.P.selectById - <==      Total: 1
2026-10-03 23:48:43.062 [http-nio-8080-exec-7] DEBUG c.m.m.P.updateById - ==>  Preparing: UPDATE points_products SET name=?, description=?, points_price=?, stock=?, image_url=?, status=? WHERE id=?
2026-10-03 23:48:43.062 [http-nio-8080-exec-7] DEBUG c.m.m.P.updateById - ==> Parameters: 蓝牙耳机(String), 无线蓝牙耳机(String), 800(Integer), 50(Integer), http://localhost:8080/upload/15210738-a315-4b29-b91f-147962a6899d.webp(String), 1(Integer), 2(Long)
2026-10-03 23:48:43.066 [http-nio-8080-exec-7] DEBUG c.m.m.P.updateById - <==    Updates: 1
2026-10-03 23:48:43.067 [log-async-2] DEBUG c.m.mapper.OperationLogMapper.insert - ==>  Preparing: INSERT INTO operation_logs ( user_id, username, operation_type, operation_desc, ip_address, user_agent, request_uri, request_method, request_params, execution_time, status, browser, os, created_at, updated_at ) VALUES ( ?, ?, ?, ?, ?, ?, ?, ?, ?, ?, ?, ?, ?, ?, ? )
2026-10-03 23:48:43.068 [log-async-2] DEBUG c.m.mapper.OperationLogMapper.insert - ==> Parameters: 15(Integer), 15(String), UPDATE(String), PointsProductsController.updateProduct(String), 0:0:0:0:0:0:0:1(String), Mozilla/5.0 (Windows NT 10.0; Win64; x64) AppleWebKit/537.36 (KHTML, like Gecko) Chrome/154.0.0.0 Safari/537.36(String), /api/points/products/2(String), PUT(String), [2,{"description":"无线蓝牙耳机","id":2,"imageUrl":"http://localhost:8080/upload/15210738-a315-4b29-b91f-147962a6899d.webp","name":"蓝牙耳机","pointsPrice":800,"status":1,"stock":50}](String), 6(Long), 1(Integer), Chrome(String), Windows(String), 2026-10-03T23:48:43.066201500(LocalDateTime), 2026-10-03T23:48:43.067430400(LocalDateTime)
2026-10-03 23:48:43.070 [log-async-2] DEBUG c.m.mapper.OperationLogMapper.insert - <==    Updates: 1
2026-10-03 23:48:43.108 [http-nio-8080-exec-9] DEBUG c.m.m.P.selectList - ==>  Preparing: SELECT id,name,description,points_price,stock,image_url,status,create_time,update_time FROM points_products
2026-10-03 23:48:43.109 [http-nio-8080-exec-9] DEBUG c.m.m.P.selectList - ==> Parameters: 
2026-10-03 23:48:43.109 [http-nio-8080-exec-9] DEBUG c.m.m.P.selectList - <==      Total: 3
2026-10-03 23:48:48.393 [log-async-3] DEBUG c.m.mapper.OperationLogMapper.insert - ==>  Preparing: INSERT INTO operation_logs ( user_id, username, operation_type, operation_desc, ip_address, user_agent, request_uri, request_method, request_params, execution_time, status, browser, os, created_at, updated_at ) VALUES ( ?, ?, ?, ?, ?, ?, ?, ?, ?, ?, ?, ?, ?, ?, ? )
2026-10-03 23:48:48.394 [log-async-3] DEBUG c.m.mapper.OperationLogMapper.insert - ==> Parameters: 15(Integer), 15(String), ADD(String), PointsProductsController.uploadImage(String), 0:0:0:0:0:0:0:1(String), Mozilla/5.0 (Windows NT 10.0; Win64; x64) AppleWebKit/537.36 (KHTML, like Gecko) Chrome/154.0.0.0 Safari/537.36(String), /api/points/products/upload(String), POST(String), [](String), 12(Long), 1(Integer), Chrome(String), Windows(String), 2026-10-03T23:48:48.393183600(LocalDateTime), 2026-10-03T23:48:48.393183600(LocalDateTime)
2026-10-03 23:48:48.397 [log-async-3] DEBUG c.m.mapper.OperationLogMapper.insert - <==    Updates: 1
2026-10-03 23:48:49.492 [http-nio-8080-exec-8] DEBUG c.m.m.P.selectById - ==>  Preparing: SELECT id,name,description,points_price,stock,image_url,status,create_time,update_time FROM points_products WHERE id=?
2026-10-03 23:48:49.493 [http-nio-8080-exec-8] DEBUG c.m.m.P.selectById - ==> Parameters: 3(Long)
2026-10-03 23:48:49.493 [http-nio-8080-exec-8] DEBUG c.m.m.P.selectById - <==      Total: 1
2026-10-03 23:48:49.494 [http-nio-8080-exec-8] DEBUG c.m.m.P.updateById - ==>  Preparing: UPDATE points_products SET name=?, description=?, points_price=?, stock=?, image_url=?, status=? WHERE id=?
2026-10-03 23:48:49.494 [http-nio-8080-exec-8] DEBUG c.m.m.P.updateById - ==> Parameters: 充电宝(String), 大容量移动电源(String), 300(Integer), 200(Integer), http://localhost:8080/upload/747299c5-14e0-41e6-9204-17fd944b90f3.webp(String), 1(Integer), 3(Long)
2026-10-03 23:48:49.498 [http-nio-8080-exec-8] DEBUG c.m.m.P.updateById - <==    Updates: 1
2026-10-03 23:48:49.499 [log-async-4] DEBUG c.m.mapper.OperationLogMapper.insert - ==>  Preparing: INSERT INTO operation_logs ( user_id, username, operation_type, operation_desc, ip_address, user_agent, request_uri, request_method, request_params, execution_time, status, browser, os, created_at, updated_at ) VALUES ( ?, ?, ?, ?, ?, ?, ?, ?, ?, ?, ?, ?, ?, ?, ? )
2026-10-03 23:48:49.500 [log-async-4] DEBUG c.m.mapper.OperationLogMapper.insert - ==> Parameters: 15(Integer), 15(String), UPDATE(String), PointsProductsController.updateProduct(String), 0:0:0:0:0:0:0:1(String), Mozilla/5.0 (Windows NT 10.0; Win64; x64) AppleWebKit/537.36 (KHTML, like Gecko) Chrome/154.0.0.0 Safari/537.36(String), /api/points/products/3(String), PUT(String), [3,{"description":"大容量移动电源","id":3,"imageUrl":"http://localhost:8080/upload/747299c5-14e0-41e6-9204-17fd944b90f3.webp","name":"充电宝","pointsPrice":300,"status":1,"stock":200}](String), 6(Long), 1(Integer), Chrome(String), Windows(String), 2026-10-03T23:48:49.498829100(LocalDateTime), 2026-10-03T23:48:49.499830700(LocalDateTime)
2026-10-03 23:48:49.504 [log-async-4] DEBUG c.m.mapper.OperationLogMapper.insert - <==    Updates: 1
2026-10-03 23:48:49.544 [http-nio-8080-exec-10] DEBUG c.m.m.P.selectList - ==>  Preparing: SELECT id,name,description,points_price,stock,image_url,status,create_time,update_time FROM points_products
2026-10-03 23:48:49.544 [http-nio-8080-exec-10] DEBUG c.m.m.P.selectList - ==> Parameters: 
2026-10-03 23:48:49.545 [http-nio-8080-exec-10] DEBUG c.m.m.P.selectList - <==      Total: 3
2026-10-03 23:48:53.630 [http-nio-8080-exec-6] DEBUG c.m.mapper.UserMapper.selectById - ==>  Preparing: SELECT id,account,username,password,email,phone,avatar,gender,age,occupation,hobbies,bio,online,status,signature,nickname,experience,points,permissions,create_time,update_time FROM user WHERE id=?
2026-10-03 23:48:53.630 [http-nio-8080-exec-6] DEBUG c.m.mapper.UserMapper.selectById - ==> Parameters: 15(Long)
2026-10-03 23:48:53.631 [http-nio-8080-exec-3] DEBUG c.m.mapper.UserMapper.selectById - ==>  Preparing: SELECT id,account,username,password,email,phone,avatar,gender,age,occupation,hobbies,bio,online,status,signature,nickname,experience,points,permissions,create_time,update_time FROM user WHERE id=?
2026-10-03 23:48:53.631 [http-nio-8080-exec-3] DEBUG c.m.mapper.UserMapper.selectById - ==> Parameters: 15(Long)
2026-10-03 23:48:53.631 [http-nio-8080-exec-6] DEBUG c.m.mapper.UserMapper.selectById - <==      Total: 1
2026-10-03 23:48:53.632 [http-nio-8080-exec-3] DEBUG c.m.mapper.UserMapper.selectById - <==      Total: 1
2026-10-03 23:48:55.571 [http-nio-8080-exec-2] DEBUG c.m.mapper.UserMapper.selectById - ==>  Preparing: SELECT id,account,username,password,email,phone,avatar,gender,age,occupation,hobbies,bio,online,status,signature,nickname,experience,points,permissions,create_time,update_time FROM user WHERE id=?
2026-10-03 23:48:55.571 [http-nio-8080-exec-7] DEBUG c.m.m.P.selectList - ==>  Preparing: SELECT id,name,description,points_price,stock,image_url,status,create_time,update_time FROM points_products WHERE (status = ?)
2026-10-03 23:48:55.571 [http-nio-8080-exec-2] DEBUG c.m.mapper.UserMapper.selectById - ==> Parameters: 15(Long)
2026-10-03 23:48:55.572 [http-nio-8080-exec-7] DEBUG c.m.m.P.selectList - ==> Parameters: 1(Integer)
2026-10-03 23:48:55.572 [http-nio-8080-exec-2] DEBUG c.m.mapper.UserMapper.selectById - <==      Total: 1
2026-10-03 23:48:55.572 [http-nio-8080-exec-7] DEBUG c.m.m.P.selectList - <==      Total: 3
2026-10-03 23:49:11.358 [http-nio-8080-exec-6] DEBUG c.m.m.P.selectById - ==>  Preparing: SELECT id,name,description,points_price,stock,image_url,status,create_time,update_time FROM points_products WHERE id=?
2026-10-03 23:49:11.359 [http-nio-8080-exec-6] DEBUG c.m.m.P.selectById - ==> Parameters: 1(Long)
2026-10-03 23:49:11.359 [http-nio-8080-exec-6] DEBUG c.m.m.P.selectById - <==      Total: 1
2026-10-03 23:49:11.361 [http-nio-8080-exec-6] DEBUG c.m.m.P.updateById - ==>  Preparing: UPDATE points_products SET name=?, description=?, points_price=?, stock=?, image_url=?, status=? WHERE id=?
2026-10-03 23:49:11.361 [http-nio-8080-exec-6] DEBUG c.m.m.P.updateById - ==> Parameters: 小米手环(String), 智能运动手环(String), 20(Integer), 100(Integer), http://localhost:8080/upload/d0b35fd7-f309-4652-83dd-980549187934.jpg(String), 1(Integer), 1(Long)
2026-10-03 23:49:11.365 [http-nio-8080-exec-6] DEBUG c.m.m.P.updateById - <==    Updates: 1
2026-10-03 23:49:11.365 [log-async-5] DEBUG c.m.mapper.OperationLogMapper.insert - ==>  Preparing: INSERT INTO operation_logs ( user_id, username, operation_type, operation_desc, ip_address, user_agent, request_uri, request_method, request_params, execution_time, status, browser, os, created_at, updated_at ) VALUES ( ?, ?, ?, ?, ?, ?, ?, ?, ?, ?, ?, ?, ?, ?, ? )
2026-10-03 23:49:11.366 [log-async-5] DEBUG c.m.mapper.OperationLogMapper.insert - ==> Parameters: 15(Integer), 15(String), UPDATE(String), PointsProductsController.updateProduct(String), 0:0:0:0:0:0:0:1(String), Mozilla/5.0 (Windows NT 10.0; Win64; x64) AppleWebKit/537.36 (KHTML, like Gecko) Chrome/154.0.0.0 Safari/537.36(String), /api/points/products/1(String), PUT(String), [1,{"description":"智能运动手环","id":1,"imageUrl":"http://localhost:8080/upload/d0b35fd7-f309-4652-83dd-980549187934.jpg","name":"小米手环","pointsPrice":20,"status":1,"stock":100}](String), 7(Long), 1(Integer), Chrome(String), Windows(String), 2026-10-03T23:49:11.365608600(LocalDateTime), 2026-10-03T23:49:11.365608600(LocalDateTime)
2026-10-03 23:49:11.368 [log-async-5] DEBUG c.m.mapper.OperationLogMapper.insert - <==    Updates: 1
2026-10-03 23:49:11.408 [http-nio-8080-exec-3] DEBUG c.m.m.P.selectList - ==>  Preparing: SELECT id,name,description,points_price,stock,image_url,status,create_time,update_time FROM points_products
2026-10-03 23:49:11.410 [http-nio-8080-exec-3] DEBUG c.m.m.P.selectList - ==> Parameters: 
2026-10-03 23:49:11.410 [http-nio-8080-exec-3] DEBUG c.m.m.P.selectList - <==      Total: 3
2026-10-03 23:49:15.558 [http-nio-8080-exec-7] DEBUG c.m.mapper.UserMapper.selectById - ==>  Preparing: SELECT id,account,username,password,email,phone,avatar,gender,age,occupation,hobbies,bio,online,status,signature,nickname,experience,points,permissions,create_time,update_time FROM user WHERE id=?
2026-10-03 23:49:15.558 [http-nio-8080-exec-7] DEBUG c.m.mapper.UserMapper.selectById - ==> Parameters: 15(Long)
2026-10-03 23:49:15.559 [http-nio-8080-exec-2] DEBUG c.m.m.P.selectList - ==>  Preparing: SELECT id,name,description,points_price,stock,image_url,status,create_time,update_time FROM points_products WHERE (status = ?)
2026-10-03 23:49:15.559 [http-nio-8080-exec-2] DEBUG c.m.m.P.selectList - ==> Parameters: 1(Integer)
2026-10-03 23:49:15.559 [http-nio-8080-exec-7] DEBUG c.m.mapper.UserMapper.selectById - <==      Total: 1
2026-10-03 23:49:15.560 [http-nio-8080-exec-2] DEBUG c.m.m.P.selectList - <==      Total: 3
2026-10-03 23:49:16.827 [http-nio-8080-exec-10] DEBUG c.m.mapper.SystemLogMapper.insert - ==>  Preparing: INSERT INTO system_log ( trace_id, user_id, username, user_ip, user_agent, request_id, log_level, log_type, module, action, content, request_url, request_method, status, error_stack, server_host, server_port, created_at ) VALUES ( ?, ?, ?, ?, ?, ?, ?, ?, ?, ?, ?, ?, ?, ?, ?, ?, ?, ? )
2026-10-03 23:49:16.829 [http-nio-8080-exec-10] DEBUG c.m.mapper.SystemLogMapper.insert - ==> Parameters: 0e40a186ec0f4891aa1ef7b661dd716e(String), 15(Long), 15(String), 0:0:0:0:0:0:0:1(String), Mozilla/5.0 (Windows NT 10.0; Win64; x64) AppleWebKit/537.36 (KHTML, like Gecko) Chrome/154.0.0.0 Safari/537.36(String), a05b348bdc8e4159b20af6521b5dfa7e(String), ERROR(String), SYSTEM(String), 全局(String), 系统异常(String), 系统异常：Required request parameter 'productId' for method parameter type Long is not present(String), /api/exchange(String), POST(String), ERROR(String), org.springframework.web.bind.MissingServletRequestParameterException: Required request parameter 'productId' for method parameter type Long is not present
	at org.springframework.web.method.annotation.RequestParamMethodArgumentResolver.handleMissingValueInternal(RequestParamMethodArgumentResolver.java:218)
	at org.springframework.web.method.annotation.RequestParamMethodArgumentResolver.handleMissingValue(RequestParamMethodArgumentResolver.java:193)
	at org.springframework.web.method.annotation.AbstractNamedValueMethodArgumentResolver.resolveArgument(AbstractNamedValueMethodArgumentResolver.java:114)
	at org.springframework.web.method.support.HandlerMethodArgumentResolverComposite.resolveArgument(HandlerMethodArgumentResolverComposite.java:122)
	at org.springframework.web.method.support.InvocableHandlerMethod.getMethodArgumentValues(InvocableHandlerMethod.java:181)
	at org.springframework.web.method.support.InvocableHandlerMethod.invokeForRequest(InvocableHandlerMethod.java:148)
	at org.springframework.web.servlet.mvc.method.annotation.ServletInvocableHandlerMethod.invokeAndHandle(ServletInvocableHandlerMethod.java:117)
	at org.springframework.web.servlet.mvc.method.annotation.RequestMappingHandlerAdapter.invokeHandlerMethod(RequestMappingHandlerAdapter.java:884)
	at org.springframework.web.servlet.mvc.method.annotation.RequestMappingHandlerAdapter.handleInternal(RequestMappingHandlerAdapter.java:797)
	at org.springframework.web.servlet.mvc.method.AbstractHandlerMethodAdapter.handle(AbstractHandlerMethodAdapter.java:87)
	at org.springframework.web.servlet.DispatcherServlet.doDispatch(DispatcherServlet.java:1080)
	at org.springframework.web.servlet.DispatcherServlet.doService(DispatcherServlet.java:973)
	at org.springframework.web.servlet.FrameworkServlet.processRequest(FrameworkServlet.java:1011)
	at org.springframework.web.servlet.FrameworkServlet.doPost(FrameworkServlet.java:914)
	at jakarta.servlet.http.HttpServlet.service(HttpServlet.java:731)
	at org.springframework.web.servlet.FrameworkServlet.service(FrameworkServlet.java:885)
	at jakarta.servlet.http.HttpServlet.service(HttpServlet.java:814)
	at org.apache.catalina.core.ApplicationFilterChain.internalDoFilter(ApplicationFilterChain.java:223)
	at org.apache.catalina.core.ApplicationFilterChain.doFilter(ApplicationFilterChain.java:158)
	at org.apache.tomcat.websocket.server.WsFilter.doFilter(WsFilter.java:53)
	at org.apache.catalina.core.ApplicationFilterChain.internalDoFilter(ApplicationFilterChain.java:185)
	at org.apache.catalina.core.ApplicationFilterChain.doFilter(ApplicationFilterChain.java:158)
	at org.springframework.web.filter.OncePerRequestFilter.doFilter(OncePerRequestFilter.java:110)
	at org.apache.catalina.core.ApplicationFilterChain.internalDoFilter(ApplicationFilterChain.java:185)
	at org.apache.catalina.core.ApplicationFilterChain.doFilter(ApplicationFilterChain.java:158)
	at com.alibaba.druid.support.jakarta.WebStatFilter.doFilter(WebStatFilter.java:113)
	at org.apache.catalina.core.ApplicationFilterChain.internalDoFilter(ApplicationFilterChain.java:185)
	at org.apache.catalina.core.ApplicationFilterChain.doFilter(ApplicationFilterChain.java:158)
	at org.springframework.security.web.FilterChainProxy.lambda$doFilterInternal$3(FilterChainProxy.java:231)
	at org.springframework.security.web.ObservationFilterChainDecorator$FilterObservation$SimpleFilterObservation.lambda$wrap$1(ObservationFilterChainDecorator.java:399)
	at org.springframework.security.web.ObservationFilterChainDecorator$AroundFilterObservation$SimpleAroundFilterObservation.lambda$wrap$1(ObservationFilterChainDecorator.java:297)
	at org.springframework.security.web.ObservationFilterChainDecorator.lambda$wrapSecured$0(ObservationFilterChainDecorator.java:79)
	at org.springframework.security.web.ObservationFilterChainDecorator$VirtualFilterChain.doFilter(ObservationFilterChainDecorator.java:125)
	at org.springframework.security.web.access.intercept.Authorization(String), DESKTOP-JE62AKO(String), 8080(Integer), 2026-10-03T23:49:16.825717700(LocalDateTime)
2026-10-03 23:49:16.832 [http-nio-8080-exec-10] DEBUG c.m.mapper.SystemLogMapper.insert - <==    Updates: 1
2026-10-03 23:49:16.842 [http-nio-8080-exec-4] DEBUG c.m.mapper.UserMapper.selectById - ==>  Preparing: SELECT id,account,username,password,email,phone,avatar,gender,age,occupation,hobbies,bio,online,status,signature,nickname,experience,points,permissions,create_time,update_time FROM user WHERE id=?
2026-10-03 23:49:16.842 [http-nio-8080-exec-8] DEBUG c.m.m.P.selectList - ==>  Preparing: SELECT id,name,description,points_price,stock,image_url,status,create_time,update_time FROM points_products WHERE (status = ?)
2026-10-03 23:49:16.842 [http-nio-8080-exec-4] DEBUG c.m.mapper.UserMapper.selectById - ==> Parameters: 15(Long)
2026-10-03 23:49:16.842 [http-nio-8080-exec-8] DEBUG c.m.m.P.selectList - ==> Parameters: 1(Integer)
2026-10-03 23:49:16.843 [http-nio-8080-exec-8] DEBUG c.m.m.P.selectList - <==      Total: 3
2026-10-03 23:49:16.843 [http-nio-8080-exec-4] DEBUG c.m.mapper.UserMapper.selectById - <==      Total: 1
2026-10-03 23:49:22.011 [http-nio-8080-exec-6] DEBUG c.m.mapper.UserMapper.selectById - ==>  Preparing: SELECT id,account,username,password,email,phone,avatar,gender,age,occupation,hobbies,bio,online,status,signature,nickname,experience,points,permissions,create_time,update_time FROM user WHERE id=?
2026-10-03 23:49:22.011 [http-nio-8080-exec-3] DEBUG c.m.m.P.selectList - ==>  Preparing: SELECT id,name,description,points_price,stock,image_url,status,create_time,update_time FROM points_products WHERE (status = ?)
2026-10-03 23:49:22.011 [http-nio-8080-exec-6] DEBUG c.m.mapper.UserMapper.selectById - ==> Parameters: 15(Long)
2026-10-03 23:49:22.011 [http-nio-8080-exec-3] DEBUG c.m.m.P.selectList - ==> Parameters: 1(Integer)
2026-10-03 23:49:22.013 [http-nio-8080-exec-3] DEBUG c.m.m.P.selectList - <==      Total: 3
2026-10-03 23:49:22.013 [http-nio-8080-exec-6] DEBUG c.m.mapper.UserMapper.selectById - <==      Total: 1
2026-10-03 23:49:45.123 [http-nio-8080-exec-1] DEBUG c.m.m.T.selectByUserId - ==>  Preparing: SELECT tg.* FROM travel_group tg INNER JOIN group_member gm ON tg.id = gm.group_id WHERE gm.user_id = ? AND tg.deleted = 0
2026-10-03 23:49:45.123 [http-nio-8080-exec-1] DEBUG c.m.m.T.selectByUserId - ==> Parameters: 15(Long)
2026-10-03 23:49:45.124 [http-nio-8080-exec-1] DEBUG c.m.m.T.selectByUserId - <==      Total: 4
2026-10-03 23:49:45.126 [http-nio-8080-exec-1] DEBUG c.m.m.GroupMemberMapper.selectCount - ==>  Preparing: SELECT COUNT( * ) AS total FROM group_member WHERE (group_id = ? AND status = ?)
2026-10-03 23:49:45.127 [http-nio-8080-exec-1] DEBUG c.m.m.GroupMemberMapper.selectCount - ==> Parameters: 1(Long), 1(Integer)
2026-10-03 23:49:45.128 [http-nio-8080-exec-1] DEBUG c.m.m.GroupMemberMapper.selectCount - <==      Total: 1
2026-10-03 23:49:45.130 [http-nio-8080-exec-1] DEBUG c.m.mapper.UserMapper.selectById - ==>  Preparing: SELECT id,account,username,password,email,phone,avatar,gender,age,occupation,hobbies,bio,online,status,signature,nickname,experience,points,permissions,create_time,update_time FROM user WHERE id=?
2026-10-03 23:49:45.130 [http-nio-8080-exec-1] DEBUG c.m.mapper.UserMapper.selectById - ==> Parameters: 101(Long)
2026-10-03 23:49:45.130 [http-nio-8080-exec-1] DEBUG c.m.mapper.UserMapper.selectById - <==      Total: 0
2026-10-03 23:49:45.132 [http-nio-8080-exec-1] DEBUG c.m.m.GroupMemberMapper.selectCount - ==>  Preparing: SELECT COUNT( * ) AS total FROM group_member WHERE (group_id = ? AND status = ?)
2026-10-03 23:49:45.133 [http-nio-8080-exec-1] DEBUG c.m.m.GroupMemberMapper.selectCount - ==> Parameters: 2(Long), 1(Integer)
2026-10-03 23:49:45.133 [http-nio-8080-exec-1] DEBUG c.m.m.GroupMemberMapper.selectCount - <==      Total: 1
2026-10-03 23:49:45.135 [http-nio-8080-exec-1] DEBUG c.m.mapper.UserMapper.selectById - ==>  Preparing: SELECT id,account,username,password,email,phone,avatar,gender,age,occupation,hobbies,bio,online,status,signature,nickname,experience,points,permissions,create_time,update_time FROM user WHERE id=?
2026-10-03 23:49:45.135 [http-nio-8080-exec-1] DEBUG c.m.mapper.UserMapper.selectById - ==> Parameters: 102(Long)
2026-10-03 23:49:45.136 [http-nio-8080-exec-1] DEBUG c.m.mapper.UserMapper.selectById - <==      Total: 0
2026-10-03 23:49:45.136 [http-nio-8080-exec-1] DEBUG c.m.m.GroupMemberMapper.selectCount - ==>  Preparing: SELECT COUNT( * ) AS total FROM group_member WHERE (group_id = ? AND status = ?)
2026-10-03 23:49:45.136 [http-nio-8080-exec-1] DEBUG c.m.m.GroupMemberMapper.selectCount - ==> Parameters: 3(Long), 1(Integer)
2026-10-03 23:49:45.137 [http-nio-8080-exec-1] DEBUG c.m.m.GroupMemberMapper.selectCount - <==      Total: 1
2026-10-03 23:49:45.137 [http-nio-8080-exec-1] DEBUG c.m.mapper.UserMapper.selectById - ==>  Preparing: SELECT id,account,username,password,email,phone,avatar,gender,age,occupation,hobbies,bio,online,status,signature,nickname,experience,points,permissions,create_time,update_time FROM user WHERE id=?
2026-10-03 23:49:45.137 [http-nio-8080-exec-1] DEBUG c.m.mapper.UserMapper.selectById - ==> Parameters: 103(Long)
2026-10-03 23:49:45.138 [http-nio-8080-exec-1] DEBUG c.m.mapper.UserMapper.selectById - <==      Total: 0
2026-10-03 23:49:45.138 [http-nio-8080-exec-1] DEBUG c.m.m.GroupMemberMapper.selectCount - ==>  Preparing: SELECT COUNT( * ) AS total FROM group_member WHERE (group_id = ? AND status = ?)
2026-10-03 23:49:45.140 [http-nio-8080-exec-1] DEBUG c.m.m.GroupMemberMapper.selectCount - ==> Parameters: 4(Long), 1(Integer)
2026-10-03 23:49:45.141 [http-nio-8080-exec-1] DEBUG c.m.m.GroupMemberMapper.selectCount - <==      Total: 1
2026-10-03 23:49:45.141 [http-nio-8080-exec-1] DEBUG c.m.mapper.UserMapper.selectById - ==>  Preparing: SELECT id,account,username,password,email,phone,avatar,gender,age,occupation,hobbies,bio,online,status,signature,nickname,experience,points,permissions,create_time,update_time FROM user WHERE id=?
2026-10-03 23:49:45.141 [http-nio-8080-exec-1] DEBUG c.m.mapper.UserMapper.selectById - ==> Parameters: 104(Long)
2026-10-03 23:49:45.142 [http-nio-8080-exec-1] DEBUG c.m.mapper.UserMapper.selectById - <==      Total: 0
2026-10-03 23:50:04.856 [log-async-1] DEBUG c.m.mapper.OperationLogMapper.insert - ==>  Preparing: INSERT INTO operation_logs ( user_id, username, operation_type, operation_desc, ip_address, user_agent, request_uri, request_method, request_params, execution_time, status, browser, os, created_at, updated_at ) VALUES ( ?, ?, ?, ?, ?, ?, ?, ?, ?, ?, ?, ?, ?, ?, ? )
2026-10-03 23:50:04.857 [log-async-1] DEBUG c.m.mapper.OperationLogMapper.insert - ==> Parameters: 15(Integer), 15(String), ADD(String), TravelGroupController.uploadImage(String), 0:0:0:0:0:0:0:1(String), Mozilla/5.0 (Windows NT 10.0; Win64; x64) AppleWebKit/537.36 (KHTML, like Gecko) Chrome/154.0.0.0 Safari/537.36(String), /api/group/upload(String), POST(String), [](String), 105(Long), 1(Integer), Chrome(String), Windows(String), 2026-10-03T23:50:04.856124300(LocalDateTime), 2026-10-03T23:50:04.856124300(LocalDateTime)
2026-10-03 23:50:04.861 [log-async-1] DEBUG c.m.mapper.OperationLogMapper.insert - <==    Updates: 1
2026-10-03 23:50:06.311 [http-nio-8080-exec-4] DEBUG c.m.m.TravelGroupMapper.selectById - ==>  Preparing: SELECT id,name,cover_url,destination,start_date,end_date,description,max_members,is_public,status,created_by,created_at,updated_at,deleted FROM travel_group WHERE id=? AND deleted=0
2026-10-03 23:50:06.312 [http-nio-8080-exec-4] DEBUG c.m.m.TravelGroupMapper.selectById - ==> Parameters: 1(Long)
2026-10-03 23:50:06.314 [http-nio-8080-exec-4] DEBUG c.m.m.TravelGroupMapper.selectById - <==      Total: 1
2026-10-03 23:50:06.317 [http-nio-8080-exec-4] DEBUG c.m.m.TravelGroupMapper.updateById - ==>  Preparing: UPDATE travel_group SET name=?, cover_url=?, destination=?, start_date=?, end_date=?, description=?, max_members=?, is_public=?, status=?, created_by=?, created_at=?, updated_at=? WHERE id=? AND deleted=0
2026-10-03 23:50:06.319 [http-nio-8080-exec-4] DEBUG c.m.m.TravelGroupMapper.updateById - ==> Parameters: 云南秘境探险小队(String), http://localhost:8080/upload/1498eff1-6af1-4ac2-b3f1-1e7cc7b570e9.jpg(String), 云南丽江-香格里拉(String), 2026-07-01(LocalDate), 2026-07-07(LocalDate), 探索云南的自然风光和民族文化(String), 8(Integer), true(Boolean), 1(Integer), 101(Long), 2026-06-15T10:00(LocalDateTime), 2026-06-29T14:30(LocalDateTime), 1(Long)
2026-10-03 23:50:06.323 [http-nio-8080-exec-4] DEBUG c.m.m.TravelGroupMapper.updateById - <==    Updates: 1
2026-10-03 23:50:06.329 [log-async-2] DEBUG c.m.mapper.OperationLogMapper.insert - ==>  Preparing: INSERT INTO operation_logs ( user_id, username, operation_type, operation_desc, ip_address, user_agent, request_uri, request_method, request_params, execution_time, status, browser, os, created_at, updated_at ) VALUES ( ?, ?, ?, ?, ?, ?, ?, ?, ?, ?, ?, ?, ?, ?, ? )
2026-10-03 23:50:06.330 [log-async-2] DEBUG c.m.mapper.OperationLogMapper.insert - ==> Parameters: 15(Integer), 15(String), UPDATE(String), TravelGroupController.updateGroup(String), 0:0:0:0:0:0:0:1(String), Mozilla/5.0 (Windows NT 10.0; Win64; x64) AppleWebKit/537.36 (KHTML, like Gecko) Chrome/154.0.0.0 Safari/537.36(String), /api/group/1(String), PUT(String), [1,{"coverUrl":"http://localhost:8080/upload/1498eff1-6af1-4ac2-b3f1-1e7cc7b570e9.jpg","description":"探索云南的自然风光和民族文化","destination":"云南丽江-香格里拉","endDate":"2026-07-07","id":1,"isPublic":true,"maxMembers":8,"name":"云南秘境探险小队","startDate":"2026-07-01"}](String), 13(Long), 1(Integer), Chrome(String), Windows(String), 2026-10-03T23:50:06.327685200(LocalDateTime), 2026-10-03T23:50:06.329192700(LocalDateTime)
2026-10-03 23:50:06.333 [log-async-2] DEBUG c.m.mapper.OperationLogMapper.insert - <==    Updates: 1
2026-10-03 23:50:06.359 [http-nio-8080-exec-3] DEBUG c.m.m.T.selectByUserId - ==>  Preparing: SELECT tg.* FROM travel_group tg INNER JOIN group_member gm ON tg.id = gm.group_id WHERE gm.user_id = ? AND tg.deleted = 0
2026-10-03 23:50:06.359 [http-nio-8080-exec-3] DEBUG c.m.m.T.selectByUserId - ==> Parameters: 15(Long)
2026-10-03 23:50:06.360 [http-nio-8080-exec-3] DEBUG c.m.m.T.selectByUserId - <==      Total: 4
2026-10-03 23:50:06.360 [http-nio-8080-exec-3] DEBUG c.m.m.GroupMemberMapper.selectCount - ==>  Preparing: SELECT COUNT( * ) AS total FROM group_member WHERE (group_id = ? AND status = ?)
2026-10-03 23:50:06.361 [http-nio-8080-exec-3] DEBUG c.m.m.GroupMemberMapper.selectCount - ==> Parameters: 1(Long), 1(Integer)
2026-10-03 23:50:06.362 [http-nio-8080-exec-3] DEBUG c.m.m.GroupMemberMapper.selectCount - <==      Total: 1
2026-10-03 23:50:06.362 [http-nio-8080-exec-3] DEBUG c.m.mapper.UserMapper.selectById - ==>  Preparing: SELECT id,account,username,password,email,phone,avatar,gender,age,occupation,hobbies,bio,online,status,signature,nickname,experience,points,permissions,create_time,update_time FROM user WHERE id=?
2026-10-03 23:50:06.363 [http-nio-8080-exec-3] DEBUG c.m.mapper.UserMapper.selectById - ==> Parameters: 101(Long)
2026-10-03 23:50:06.364 [http-nio-8080-exec-3] DEBUG c.m.mapper.UserMapper.selectById - <==      Total: 0
2026-10-03 23:50:06.365 [http-nio-8080-exec-3] DEBUG c.m.m.GroupMemberMapper.selectCount - ==>  Preparing: SELECT COUNT( * ) AS total FROM group_member WHERE (group_id = ? AND status = ?)
2026-10-03 23:50:06.366 [http-nio-8080-exec-3] DEBUG c.m.m.GroupMemberMapper.selectCount - ==> Parameters: 2(Long), 1(Integer)
2026-10-03 23:50:06.367 [http-nio-8080-exec-3] DEBUG c.m.m.GroupMemberMapper.selectCount - <==      Total: 1
2026-10-03 23:50:06.367 [http-nio-8080-exec-3] DEBUG c.m.mapper.UserMapper.selectById - ==>  Preparing: SELECT id,account,username,password,email,phone,avatar,gender,age,occupation,hobbies,bio,online,status,signature,nickname,experience,points,permissions,create_time,update_time FROM user WHERE id=?
2026-10-03 23:50:06.368 [http-nio-8080-exec-3] DEBUG c.m.mapper.UserMapper.selectById - ==> Parameters: 102(Long)
2026-10-03 23:50:06.369 [http-nio-8080-exec-3] DEBUG c.m.mapper.UserMapper.selectById - <==      Total: 0
2026-10-03 23:50:06.369 [http-nio-8080-exec-3] DEBUG c.m.m.GroupMemberMapper.selectCount - ==>  Preparing: SELECT COUNT( * ) AS total FROM group_member WHERE (group_id = ? AND status = ?)
2026-10-03 23:50:06.369 [http-nio-8080-exec-3] DEBUG c.m.m.GroupMemberMapper.selectCount - ==> Parameters: 3(Long), 1(Integer)
2026-10-03 23:50:06.370 [http-nio-8080-exec-3] DEBUG c.m.m.GroupMemberMapper.selectCount - <==      Total: 1
2026-10-03 23:50:06.371 [http-nio-8080-exec-3] DEBUG c.m.mapper.UserMapper.selectById - ==>  Preparing: SELECT id,account,username,password,email,phone,avatar,gender,age,occupation,hobbies,bio,online,status,signature,nickname,experience,points,permissions,create_time,update_time FROM user WHERE id=?
2026-10-03 23:50:06.371 [http-nio-8080-exec-3] DEBUG c.m.mapper.UserMapper.selectById - ==> Parameters: 103(Long)
2026-10-03 23:50:06.372 [http-nio-8080-exec-3] DEBUG c.m.mapper.UserMapper.selectById - <==      Total: 0
2026-10-03 23:50:06.373 [http-nio-8080-exec-3] DEBUG c.m.m.GroupMemberMapper.selectCount - ==>  Preparing: SELECT COUNT( * ) AS total FROM group_member WHERE (group_id = ? AND status = ?)
2026-10-03 23:50:06.373 [http-nio-8080-exec-3] DEBUG c.m.m.GroupMemberMapper.selectCount - ==> Parameters: 4(Long), 1(Integer)
2026-10-03 23:50:06.374 [http-nio-8080-exec-3] DEBUG c.m.m.GroupMemberMapper.selectCount - <==      Total: 1
2026-10-03 23:50:06.375 [http-nio-8080-exec-3] DEBUG c.m.mapper.UserMapper.selectById - ==>  Preparing: SELECT id,account,username,password,email,phone,avatar,gender,age,occupation,hobbies,bio,online,status,signature,nickname,experience,points,permissions,create_time,update_time FROM user WHERE id=?
2026-10-03 23:50:06.376 [http-nio-8080-exec-3] DEBUG c.m.mapper.UserMapper.selectById - ==> Parameters: 104(Long)
2026-10-03 23:50:06.376 [http-nio-8080-exec-3] DEBUG c.m.mapper.UserMapper.selectById - <==      Total: 0
2026-10-03 23:50:16.626 [log-async-3] DEBUG c.m.mapper.OperationLogMapper.insert - ==>  Preparing: INSERT INTO operation_logs ( user_id, username, operation_type, operation_desc, ip_address, user_agent, request_uri, request_method, request_params, execution_time, status, browser, os, created_at, updated_at ) VALUES ( ?, ?, ?, ?, ?, ?, ?, ?, ?, ?, ?, ?, ?, ?, ? )
2026-10-03 23:50:16.627 [log-async-3] DEBUG c.m.mapper.OperationLogMapper.insert - ==> Parameters: 15(Integer), 15(String), ADD(String), TravelGroupController.uploadImage(String), 0:0:0:0:0:0:0:1(String), Mozilla/5.0 (Windows NT 10.0; Win64; x64) AppleWebKit/537.36 (KHTML, like Gecko) Chrome/154.0.0.0 Safari/537.36(String), /api/group/upload(String), POST(String), [](String), 153(Long), 1(Integer), Chrome(String), Windows(String), 2026-10-03T23:50:16.626673800(LocalDateTime), 2026-10-03T23:50:16.626673800(LocalDateTime)
2026-10-03 23:50:16.631 [log-async-3] DEBUG c.m.mapper.OperationLogMapper.insert - <==    Updates: 1
2026-10-03 23:50:17.372 [http-nio-8080-exec-2] DEBUG c.m.m.TravelGroupMapper.selectById - ==>  Preparing: SELECT id,name,cover_url,destination,start_date,end_date,description,max_members,is_public,status,created_by,created_at,updated_at,deleted FROM travel_group WHERE id=? AND deleted=0
2026-10-03 23:50:17.373 [http-nio-8080-exec-2] DEBUG c.m.m.TravelGroupMapper.selectById - ==> Parameters: 2(Long)
2026-10-03 23:50:17.374 [http-nio-8080-exec-2] DEBUG c.m.m.TravelGroupMapper.selectById - <==      Total: 1
2026-10-03 23:50:17.376 [http-nio-8080-exec-2] DEBUG c.m.m.TravelGroupMapper.updateById - ==>  Preparing: UPDATE travel_group SET name=?, cover_url=?, destination=?, start_date=?, end_date=?, description=?, max_members=?, is_public=?, status=?, created_by=?, created_at=?, updated_at=? WHERE id=? AND deleted=0
2026-10-03 23:50:17.377 [http-nio-8080-exec-2] DEBUG c.m.m.TravelGroupMapper.updateById - ==> Parameters: 川西自驾游(String), http://localhost:8080/upload/845a8192-4307-4bd7-8e0c-0276d46c8f19.jpg(String), 四川稻城亚丁(String), 2026-07-10(LocalDate), 2026-07-18(LocalDate), 自驾穿越川西高原(String), 6(Integer), true(Boolean), 1(Integer), 102(Long), 2026-06-16T09:00(LocalDateTime), 2026-06-29T10:20(LocalDateTime), 2(Long)
2026-10-03 23:50:17.381 [http-nio-8080-exec-2] DEBUG c.m.m.TravelGroupMapper.updateById - <==    Updates: 1
2026-10-03 23:50:17.382 [log-async-4] DEBUG c.m.mapper.OperationLogMapper.insert - ==>  Preparing: INSERT INTO operation_logs ( user_id, username, operation_type, operation_desc, ip_address, user_agent, request_uri, request_method, request_params, execution_time, status, browser, os, created_at, updated_at ) VALUES ( ?, ?, ?, ?, ?, ?, ?, ?, ?, ?, ?, ?, ?, ?, ? )
2026-10-03 23:50:17.383 [log-async-4] DEBUG c.m.mapper.OperationLogMapper.insert - ==> Parameters: 15(Integer), 15(String), UPDATE(String), TravelGroupController.updateGroup(String), 0:0:0:0:0:0:0:1(String), Mozilla/5.0 (Windows NT 10.0; Win64; x64) AppleWebKit/537.36 (KHTML, like Gecko) Chrome/154.0.0.0 Safari/537.36(String), /api/group/2(String), PUT(String), [2,{"coverUrl":"http://localhost:8080/upload/845a8192-4307-4bd7-8e0c-0276d46c8f19.jpg","description":"自驾穿越川西高原","destination":"四川稻城亚丁","endDate":"2026-07-18","id":2,"isPublic":true,"maxMembers":6,"name":"川西自驾游","startDate":"2026-07-10"}](String), 9(Long), 1(Integer), Chrome(String), Windows(String), 2026-10-03T23:50:17.381280900(LocalDateTime), 2026-10-03T23:50:17.382286700(LocalDateTime)
2026-10-03 23:50:17.385 [log-async-4] DEBUG c.m.mapper.OperationLogMapper.insert - <==    Updates: 1
2026-10-03 23:50:17.409 [http-nio-8080-exec-1] DEBUG c.m.m.T.selectByUserId - ==>  Preparing: SELECT tg.* FROM travel_group tg INNER JOIN group_member gm ON tg.id = gm.group_id WHERE gm.user_id = ? AND tg.deleted = 0
2026-10-03 23:50:17.411 [http-nio-8080-exec-1] DEBUG c.m.m.T.selectByUserId - ==> Parameters: 15(Long)
2026-10-03 23:50:17.412 [http-nio-8080-exec-1] DEBUG c.m.m.T.selectByUserId - <==      Total: 4
2026-10-03 23:50:17.414 [http-nio-8080-exec-1] DEBUG c.m.m.GroupMemberMapper.selectCount - ==>  Preparing: SELECT COUNT( * ) AS total FROM group_member WHERE (group_id = ? AND status = ?)
2026-10-03 23:50:17.414 [http-nio-8080-exec-1] DEBUG c.m.m.GroupMemberMapper.selectCount - ==> Parameters: 1(Long), 1(Integer)
2026-10-03 23:50:17.415 [http-nio-8080-exec-1] DEBUG c.m.m.GroupMemberMapper.selectCount - <==      Total: 1
2026-10-03 23:50:17.416 [http-nio-8080-exec-1] DEBUG c.m.mapper.UserMapper.selectById - ==>  Preparing: SELECT id,account,username,password,email,phone,avatar,gender,age,occupation,hobbies,bio,online,status,signature,nickname,experience,points,permissions,create_time,update_time FROM user WHERE id=?
2026-10-03 23:50:17.416 [http-nio-8080-exec-1] DEBUG c.m.mapper.UserMapper.selectById - ==> Parameters: 101(Long)
2026-10-03 23:50:17.417 [http-nio-8080-exec-1] DEBUG c.m.mapper.UserMapper.selectById - <==      Total: 0
2026-10-03 23:50:17.419 [http-nio-8080-exec-1] DEBUG c.m.m.GroupMemberMapper.selectCount - ==>  Preparing: SELECT COUNT( * ) AS total FROM group_member WHERE (group_id = ? AND status = ?)
2026-10-03 23:50:17.419 [http-nio-8080-exec-1] DEBUG c.m.m.GroupMemberMapper.selectCount - ==> Parameters: 2(Long), 1(Integer)
2026-10-03 23:50:17.420 [http-nio-8080-exec-1] DEBUG c.m.m.GroupMemberMapper.selectCount - <==      Total: 1
2026-10-03 23:50:17.421 [http-nio-8080-exec-1] DEBUG c.m.mapper.UserMapper.selectById - ==>  Preparing: SELECT id,account,username,password,email,phone,avatar,gender,age,occupation,hobbies,bio,online,status,signature,nickname,experience,points,permissions,create_time,update_time FROM user WHERE id=?
2026-10-03 23:50:17.421 [http-nio-8080-exec-1] DEBUG c.m.mapper.UserMapper.selectById - ==> Parameters: 102(Long)
2026-10-03 23:50:17.422 [http-nio-8080-exec-1] DEBUG c.m.mapper.UserMapper.selectById - <==      Total: 0
2026-10-03 23:50:17.422 [http-nio-8080-exec-1] DEBUG c.m.m.GroupMemberMapper.selectCount - ==>  Preparing: SELECT COUNT( * ) AS total FROM group_member WHERE (group_id = ? AND status = ?)
2026-10-03 23:50:17.423 [http-nio-8080-exec-1] DEBUG c.m.m.GroupMemberMapper.selectCount - ==> Parameters: 3(Long), 1(Integer)
2026-10-03 23:50:17.424 [http-nio-8080-exec-1] DEBUG c.m.m.GroupMemberMapper.selectCount - <==      Total: 1
2026-10-03 23:50:17.424 [http-nio-8080-exec-1] DEBUG c.m.mapper.UserMapper.selectById - ==>  Preparing: SELECT id,account,username,password,email,phone,avatar,gender,age,occupation,hobbies,bio,online,status,signature,nickname,experience,points,permissions,create_time,update_time FROM user WHERE id=?
2026-10-03 23:50:17.426 [http-nio-8080-exec-1] DEBUG c.m.mapper.UserMapper.selectById - ==> Parameters: 103(Long)
2026-10-03 23:50:17.426 [http-nio-8080-exec-1] DEBUG c.m.mapper.UserMapper.selectById - <==      Total: 0
2026-10-03 23:50:17.427 [http-nio-8080-exec-1] DEBUG c.m.m.GroupMemberMapper.selectCount - ==>  Preparing: SELECT COUNT( * ) AS total FROM group_member WHERE (group_id = ? AND status = ?)
2026-10-03 23:50:17.427 [http-nio-8080-exec-1] DEBUG c.m.m.GroupMemberMapper.selectCount - ==> Parameters: 4(Long), 1(Integer)
2026-10-03 23:50:17.428 [http-nio-8080-exec-1] DEBUG c.m.m.GroupMemberMapper.selectCount - <==      Total: 1
2026-10-03 23:50:17.428 [http-nio-8080-exec-1] DEBUG c.m.mapper.UserMapper.selectById - ==>  Preparing: SELECT id,account,username,password,email,phone,avatar,gender,age,occupation,hobbies,bio,online,status,signature,nickname,experience,points,permissions,create_time,update_time FROM user WHERE id=?
2026-10-03 23:50:17.428 [http-nio-8080-exec-1] DEBUG c.m.mapper.UserMapper.selectById - ==> Parameters: 104(Long)
2026-10-03 23:50:17.428 [http-nio-8080-exec-1] DEBUG c.m.mapper.UserMapper.selectById - <==      Total: 0
2026-10-03 23:50:27.153 [log-async-5] DEBUG c.m.mapper.OperationLogMapper.insert - ==>  Preparing: INSERT INTO operation_logs ( user_id, username, operation_type, operation_desc, ip_address, user_agent, request_uri, request_method, request_params, execution_time, status, browser, os, created_at, updated_at ) VALUES ( ?, ?, ?, ?, ?, ?, ?, ?, ?, ?, ?, ?, ?, ?, ? )
2026-10-03 23:50:27.155 [log-async-5] DEBUG c.m.mapper.OperationLogMapper.insert - ==> Parameters: 15(Integer), 15(String), ADD(String), TravelGroupController.uploadImage(String), 0:0:0:0:0:0:0:1(String), Mozilla/5.0 (Windows NT 10.0; Win64; x64) AppleWebKit/537.36 (KHTML, like Gecko) Chrome/154.0.0.0 Safari/537.36(String), /api/group/upload(String), POST(String), [](String), 1(Long), 1(Integer), Chrome(String), Windows(String), 2026-10-03T23:50:27.153677500(LocalDateTime), 2026-10-03T23:50:27.153677500(LocalDateTime)
2026-10-03 23:50:27.158 [log-async-5] DEBUG c.m.mapper.OperationLogMapper.insert - <==    Updates: 1
2026-10-03 23:50:34.752 [log-async-1] DEBUG c.m.mapper.OperationLogMapper.insert - ==>  Preparing: INSERT INTO operation_logs ( user_id, username, operation_type, operation_desc, ip_address, user_agent, request_uri, request_method, request_params, execution_time, status, browser, os, created_at, updated_at ) VALUES ( ?, ?, ?, ?, ?, ?, ?, ?, ?, ?, ?, ?, ?, ?, ? )
2026-10-03 23:50:34.753 [log-async-1] DEBUG c.m.mapper.OperationLogMapper.insert - ==> Parameters: 15(Integer), 15(String), ADD(String), TravelGroupController.uploadImage(String), 0:0:0:0:0:0:0:1(String), Mozilla/5.0 (Windows NT 10.0; Win64; x64) AppleWebKit/537.36 (KHTML, like Gecko) Chrome/154.0.0.0 Safari/537.36(String), /api/group/upload(String), POST(String), [](String), 121(Long), 1(Integer), Chrome(String), Windows(String), 2026-10-03T23:50:34.751327400(LocalDateTime), 2026-10-03T23:50:34.752334(LocalDateTime)
2026-10-03 23:50:34.756 [log-async-1] DEBUG c.m.mapper.OperationLogMapper.insert - <==    Updates: 1
2026-10-03 23:50:35.811 [http-nio-8080-exec-7] DEBUG c.m.m.TravelGroupMapper.selectById - ==>  Preparing: SELECT id,name,cover_url,destination,start_date,end_date,description,max_members,is_public,status,created_by,created_at,updated_at,deleted FROM travel_group WHERE id=? AND deleted=0
2026-10-03 23:50:35.811 [http-nio-8080-exec-7] DEBUG c.m.m.TravelGroupMapper.selectById - ==> Parameters: 4(Long)
2026-10-03 23:50:35.813 [http-nio-8080-exec-7] DEBUG c.m.m.TravelGroupMapper.selectById - <==      Total: 1
2026-10-03 23:50:35.813 [http-nio-8080-exec-7] DEBUG c.m.m.TravelGroupMapper.updateById - ==>  Preparing: UPDATE travel_group SET name=?, cover_url=?, destination=?, start_date=?, end_date=?, description=?, max_members=?, is_public=?, status=?, created_by=?, created_at=?, updated_at=? WHERE id=? AND deleted=0
2026-10-03 23:50:35.814 [http-nio-8080-exec-7] DEBUG c.m.m.TravelGroupMapper.updateById - ==> Parameters: 西安美食文化之旅(String), http://localhost:8080/upload/7a31b1d0-9508-42e9-b866-12342f154c68.jpg(String), 陕西西安(String), 2026-07-08(LocalDate), 2026-07-10(LocalDate), 深度体验古都美食与文化(String), 5(Integer), false(Boolean), 1(Integer), 104(Long), 2026-06-18T08:15(LocalDateTime), 2026-06-29T09:00(LocalDateTime), 4(Long)
2026-10-03 23:50:35.817 [http-nio-8080-exec-7] DEBUG c.m.m.TravelGroupMapper.updateById - <==    Updates: 1
2026-10-03 23:50:35.818 [log-async-2] DEBUG c.m.mapper.OperationLogMapper.insert - ==>  Preparing: INSERT INTO operation_logs ( user_id, username, operation_type, operation_desc, ip_address, user_agent, request_uri, request_method, request_params, execution_time, status, browser, os, created_at, updated_at ) VALUES ( ?, ?, ?, ?, ?, ?, ?, ?, ?, ?, ?, ?, ?, ?, ? )
2026-10-03 23:50:35.819 [log-async-2] DEBUG c.m.mapper.OperationLogMapper.insert - ==> Parameters: 15(Integer), 15(String), UPDATE(String), TravelGroupController.updateGroup(String), 0:0:0:0:0:0:0:1(String), Mozilla/5.0 (Windows NT 10.0; Win64; x64) AppleWebKit/537.36 (KHTML, like Gecko) Chrome/154.0.0.0 Safari/537.36(String), /api/group/4(String), PUT(String), [4,{"coverUrl":"http://localhost:8080/upload/7a31b1d0-9508-42e9-b866-12342f154c68.jpg","description":"深度体验古都美食与文化","destination":"陕西西安","endDate":"2026-07-10","id":4,"isPublic":false,"maxMembers":5,"name":"西安美食文化之旅","startDate":"2026-07-08"}](String), 6(Long), 1(Integer), Chrome(String), Windows(String), 2026-10-03T23:50:35.818356200(LocalDateTime), 2026-10-03T23:50:35.818356200(LocalDateTime)
2026-10-03 23:50:35.822 [log-async-2] DEBUG c.m.mapper.OperationLogMapper.insert - <==    Updates: 1
2026-10-03 23:50:35.849 [http-nio-8080-exec-9] DEBUG c.m.m.T.selectByUserId - ==>  Preparing: SELECT tg.* FROM travel_group tg INNER JOIN group_member gm ON tg.id = gm.group_id WHERE gm.user_id = ? AND tg.deleted = 0
2026-10-03 23:50:35.850 [http-nio-8080-exec-9] DEBUG c.m.m.T.selectByUserId - ==> Parameters: 15(Long)
2026-10-03 23:50:35.852 [http-nio-8080-exec-9] DEBUG c.m.m.T.selectByUserId - <==      Total: 4
2026-10-03 23:50:35.852 [http-nio-8080-exec-9] DEBUG c.m.m.GroupMemberMapper.selectCount - ==>  Preparing: SELECT COUNT( * ) AS total FROM group_member WHERE (group_id = ? AND status = ?)
2026-10-03 23:50:35.854 [http-nio-8080-exec-9] DEBUG c.m.m.GroupMemberMapper.selectCount - ==> Parameters: 1(Long), 1(Integer)
2026-10-03 23:50:35.854 [http-nio-8080-exec-9] DEBUG c.m.m.GroupMemberMapper.selectCount - <==      Total: 1
2026-10-03 23:50:35.854 [http-nio-8080-exec-9] DEBUG c.m.mapper.UserMapper.selectById - ==>  Preparing: SELECT id,account,username,password,email,phone,avatar,gender,age,occupation,hobbies,bio,online,status,signature,nickname,experience,points,permissions,create_time,update_time FROM user WHERE id=?
2026-10-03 23:50:35.856 [http-nio-8080-exec-9] DEBUG c.m.mapper.UserMapper.selectById - ==> Parameters: 101(Long)
2026-10-03 23:50:35.856 [http-nio-8080-exec-9] DEBUG c.m.mapper.UserMapper.selectById - <==      Total: 0
2026-10-03 23:50:35.858 [http-nio-8080-exec-9] DEBUG c.m.m.GroupMemberMapper.selectCount - ==>  Preparing: SELECT COUNT( * ) AS total FROM group_member WHERE (group_id = ? AND status = ?)
2026-10-03 23:50:35.858 [http-nio-8080-exec-9] DEBUG c.m.m.GroupMemberMapper.selectCount - ==> Parameters: 2(Long), 1(Integer)
2026-10-03 23:50:35.860 [http-nio-8080-exec-9] DEBUG c.m.m.GroupMemberMapper.selectCount - <==      Total: 1
2026-10-03 23:50:35.861 [http-nio-8080-exec-9] DEBUG c.m.mapper.UserMapper.selectById - ==>  Preparing: SELECT id,account,username,password,email,phone,avatar,gender,age,occupation,hobbies,bio,online,status,signature,nickname,experience,points,permissions,create_time,update_time FROM user WHERE id=?
2026-10-03 23:50:35.862 [http-nio-8080-exec-9] DEBUG c.m.mapper.UserMapper.selectById - ==> Parameters: 102(Long)
2026-10-03 23:50:35.863 [http-nio-8080-exec-9] DEBUG c.m.mapper.UserMapper.selectById - <==      Total: 0
2026-10-03 23:50:35.863 [http-nio-8080-exec-9] DEBUG c.m.m.GroupMemberMapper.selectCount - ==>  Preparing: SELECT COUNT( * ) AS total FROM group_member WHERE (group_id = ? AND status = ?)
2026-10-03 23:50:35.863 [http-nio-8080-exec-9] DEBUG c.m.m.GroupMemberMapper.selectCount - ==> Parameters: 3(Long), 1(Integer)
2026-10-03 23:50:35.865 [http-nio-8080-exec-9] DEBUG c.m.m.GroupMemberMapper.selectCount - <==      Total: 1
2026-10-03 23:50:35.865 [http-nio-8080-exec-9] DEBUG c.m.mapper.UserMapper.selectById - ==>  Preparing: SELECT id,account,username,password,email,phone,avatar,gender,age,occupation,hobbies,bio,online,status,signature,nickname,experience,points,permissions,create_time,update_time FROM user WHERE id=?
2026-10-03 23:50:35.865 [http-nio-8080-exec-9] DEBUG c.m.mapper.UserMapper.selectById - ==> Parameters: 103(Long)
2026-10-03 23:50:35.866 [http-nio-8080-exec-9] DEBUG c.m.mapper.UserMapper.selectById - <==      Total: 0
2026-10-03 23:50:35.867 [http-nio-8080-exec-9] DEBUG c.m.m.GroupMemberMapper.selectCount - ==>  Preparing: SELECT COUNT( * ) AS total FROM group_member WHERE (group_id = ? AND status = ?)
2026-10-03 23:50:35.867 [http-nio-8080-exec-9] DEBUG c.m.m.GroupMemberMapper.selectCount - ==> Parameters: 4(Long), 1(Integer)
2026-10-03 23:50:35.868 [http-nio-8080-exec-9] DEBUG c.m.m.GroupMemberMapper.selectCount - <==      Total: 1
2026-10-03 23:50:35.868 [http-nio-8080-exec-9] DEBUG c.m.mapper.UserMapper.selectById - ==>  Preparing: SELECT id,account,username,password,email,phone,avatar,gender,age,occupation,hobbies,bio,online,status,signature,nickname,experience,points,permissions,create_time,update_time FROM user WHERE id=?
2026-10-03 23:50:35.868 [http-nio-8080-exec-9] DEBUG c.m.mapper.UserMapper.selectById - ==> Parameters: 104(Long)
2026-10-03 23:50:35.869 [http-nio-8080-exec-9] DEBUG c.m.mapper.UserMapper.selectById - <==      Total: 0
2026-10-03 23:50:45.392 [log-async-3] DEBUG c.m.mapper.OperationLogMapper.insert - ==>  Preparing: INSERT INTO operation_logs ( user_id, username, operation_type, operation_desc, ip_address, user_agent, request_uri, request_method, request_params, execution_time, status, browser, os, created_at, updated_at ) VALUES ( ?, ?, ?, ?, ?, ?, ?, ?, ?, ?, ?, ?, ?, ?, ? )
2026-10-03 23:50:45.393 [log-async-3] DEBUG c.m.mapper.OperationLogMapper.insert - ==> Parameters: 15(Integer), 15(String), ADD(String), TravelGroupController.uploadImage(String), 0:0:0:0:0:0:0:1(String), Mozilla/5.0 (Windows NT 10.0; Win64; x64) AppleWebKit/537.36 (KHTML, like Gecko) Chrome/154.0.0.0 Safari/537.36(String), /api/group/upload(String), POST(String), [](String), 30(Long), 1(Integer), Chrome(String), Windows(String), 2026-10-03T23:50:45.392751200(LocalDateTime), 2026-10-03T23:50:45.392751200(LocalDateTime)
2026-10-03 23:50:45.396 [log-async-3] DEBUG c.m.mapper.OperationLogMapper.insert - <==    Updates: 1
2026-10-03 23:50:46.402 [http-nio-8080-exec-5] DEBUG c.m.m.TravelGroupMapper.selectById - ==>  Preparing: SELECT id,name,cover_url,destination,start_date,end_date,description,max_members,is_public,status,created_by,created_at,updated_at,deleted FROM travel_group WHERE id=? AND deleted=0
2026-10-03 23:50:46.402 [http-nio-8080-exec-5] DEBUG c.m.m.TravelGroupMapper.selectById - ==> Parameters: 3(Long)
2026-10-03 23:50:46.404 [http-nio-8080-exec-5] DEBUG c.m.m.TravelGroupMapper.selectById - <==      Total: 1
2026-10-03 23:50:46.404 [http-nio-8080-exec-5] DEBUG c.m.m.TravelGroupMapper.updateById - ==>  Preparing: UPDATE travel_group SET name=?, cover_url=?, destination=?, start_date=?, end_date=?, description=?, max_members=?, is_public=?, status=?, created_by=?, created_at=?, updated_at=? WHERE id=? AND deleted=0
2026-10-03 23:50:46.406 [http-nio-8080-exec-5] DEBUG c.m.m.TravelGroupMapper.updateById - ==> Parameters: 海南环岛骑行(String), http://localhost:8080/upload/53298a9a-6c8c-430d-af6d-f0bbbc78b8e2.jpg(String), 海南三亚(String), 2026-07-05(LocalDate), 2026-07-12(LocalDate), 骑行环岛，感受热带风情(String), 10(Integer), true(Boolean), 1(Integer), 103(Long), 2026-06-17T11:30(LocalDateTime), 2026-06-28T16:45(LocalDateTime), 3(Long)
2026-10-03 23:50:46.409 [http-nio-8080-exec-5] DEBUG c.m.m.TravelGroupMapper.updateById - <==    Updates: 1
2026-10-03 23:50:46.411 [log-async-4] DEBUG c.m.mapper.OperationLogMapper.insert - ==>  Preparing: INSERT INTO operation_logs ( user_id, username, operation_type, operation_desc, ip_address, user_agent, request_uri, request_method, request_params, execution_time, status, browser, os, created_at, updated_at ) VALUES ( ?, ?, ?, ?, ?, ?, ?, ?, ?, ?, ?, ?, ?, ?, ? )
2026-10-03 23:50:46.411 [log-async-4] DEBUG c.m.mapper.OperationLogMapper.insert - ==> Parameters: 15(Integer), 15(String), UPDATE(String), TravelGroupController.updateGroup(String), 0:0:0:0:0:0:0:1(String), Mozilla/5.0 (Windows NT 10.0; Win64; x64) AppleWebKit/537.36 (KHTML, like Gecko) Chrome/154.0.0.0 Safari/537.36(String), /api/group/3(String), PUT(String), [3,{"coverUrl":"http://localhost:8080/upload/53298a9a-6c8c-430d-af6d-f0bbbc78b8e2.jpg","description":"骑行环岛，感受热带风情","destination":"海南三亚","endDate":"2026-07-12","id":3,"isPublic":true,"maxMembers":10,"name":"海南环岛骑行","startDate":"2026-07-05"}](String), 7(Long), 1(Integer), Chrome(String), Windows(String), 2026-10-03T23:50:46.410676700(LocalDateTime), 2026-10-03T23:50:46.410676700(LocalDateTime)
2026-10-03 23:50:46.414 [log-async-4] DEBUG c.m.mapper.OperationLogMapper.insert - <==    Updates: 1
2026-10-03 23:50:46.441 [http-nio-8080-exec-8] DEBUG c.m.m.T.selectByUserId - ==>  Preparing: SELECT tg.* FROM travel_group tg INNER JOIN group_member gm ON tg.id = gm.group_id WHERE gm.user_id = ? AND tg.deleted = 0
2026-10-03 23:50:46.441 [http-nio-8080-exec-8] DEBUG c.m.m.T.selectByUserId - ==> Parameters: 15(Long)
2026-10-03 23:50:46.442 [http-nio-8080-exec-8] DEBUG c.m.m.T.selectByUserId - <==      Total: 4
2026-10-03 23:50:46.444 [http-nio-8080-exec-8] DEBUG c.m.m.GroupMemberMapper.selectCount - ==>  Preparing: SELECT COUNT( * ) AS total FROM group_member WHERE (group_id = ? AND status = ?)
2026-10-03 23:50:46.444 [http-nio-8080-exec-8] DEBUG c.m.m.GroupMemberMapper.selectCount - ==> Parameters: 1(Long), 1(Integer)
2026-10-03 23:50:46.444 [http-nio-8080-exec-8] DEBUG c.m.m.GroupMemberMapper.selectCount - <==      Total: 1
2026-10-03 23:50:46.446 [http-nio-8080-exec-8] DEBUG c.m.mapper.UserMapper.selectById - ==>  Preparing: SELECT id,account,username,password,email,phone,avatar,gender,age,occupation,hobbies,bio,online,status,signature,nickname,experience,points,permissions,create_time,update_time FROM user WHERE id=?
2026-10-03 23:50:46.446 [http-nio-8080-exec-8] DEBUG c.m.mapper.UserMapper.selectById - ==> Parameters: 101(Long)
2026-10-03 23:50:46.447 [http-nio-8080-exec-8] DEBUG c.m.mapper.UserMapper.selectById - <==      Total: 0
2026-10-03 23:50:46.447 [http-nio-8080-exec-8] DEBUG c.m.m.GroupMemberMapper.selectCount - ==>  Preparing: SELECT COUNT( * ) AS total FROM group_member WHERE (group_id = ? AND status = ?)
2026-10-03 23:50:46.448 [http-nio-8080-exec-8] DEBUG c.m.m.GroupMemberMapper.selectCount - ==> Parameters: 2(Long), 1(Integer)
2026-10-03 23:50:46.448 [http-nio-8080-exec-8] DEBUG c.m.m.GroupMemberMapper.selectCount - <==      Total: 1
2026-10-03 23:50:46.449 [http-nio-8080-exec-8] DEBUG c.m.mapper.UserMapper.selectById - ==>  Preparing: SELECT id,account,username,password,email,phone,avatar,gender,age,occupation,hobbies,bio,online,status,signature,nickname,experience,points,permissions,create_time,update_time FROM user WHERE id=?
2026-10-03 23:50:46.449 [http-nio-8080-exec-8] DEBUG c.m.mapper.UserMapper.selectById - ==> Parameters: 102(Long)
2026-10-03 23:50:46.450 [http-nio-8080-exec-8] DEBUG c.m.mapper.UserMapper.selectById - <==      Total: 0
2026-10-03 23:50:46.450 [http-nio-8080-exec-8] DEBUG c.m.m.GroupMemberMapper.selectCount - ==>  Preparing: SELECT COUNT( * ) AS total FROM group_member WHERE (group_id = ? AND status = ?)
2026-10-03 23:50:46.451 [http-nio-8080-exec-8] DEBUG c.m.m.GroupMemberMapper.selectCount - ==> Parameters: 3(Long), 1(Integer)
2026-10-03 23:50:46.451 [http-nio-8080-exec-8] DEBUG c.m.m.GroupMemberMapper.selectCount - <==      Total: 1
2026-10-03 23:50:46.453 [http-nio-8080-exec-8] DEBUG c.m.mapper.UserMapper.selectById - ==>  Preparing: SELECT id,account,username,password,email,phone,avatar,gender,age,occupation,hobbies,bio,online,status,signature,nickname,experience,points,permissions,create_time,update_time FROM user WHERE id=?
2026-10-03 23:50:46.453 [http-nio-8080-exec-8] DEBUG c.m.mapper.UserMapper.selectById - ==> Parameters: 103(Long)
2026-10-03 23:50:46.454 [http-nio-8080-exec-8] DEBUG c.m.mapper.UserMapper.selectById - <==      Total: 0
2026-10-03 23:50:46.455 [http-nio-8080-exec-8] DEBUG c.m.m.GroupMemberMapper.selectCount - ==>  Preparing: SELECT COUNT( * ) AS total FROM group_member WHERE (group_id = ? AND status = ?)
2026-10-03 23:50:46.455 [http-nio-8080-exec-8] DEBUG c.m.m.GroupMemberMapper.selectCount - ==> Parameters: 4(Long), 1(Integer)
2026-10-03 23:50:46.456 [http-nio-8080-exec-8] DEBUG c.m.m.GroupMemberMapper.selectCount - <==      Total: 1
2026-10-03 23:50:46.456 [http-nio-8080-exec-8] DEBUG c.m.mapper.UserMapper.selectById - ==>  Preparing: SELECT id,account,username,password,email,phone,avatar,gender,age,occupation,hobbies,bio,online,status,signature,nickname,experience,points,permissions,create_time,update_time FROM user WHERE id=?
2026-10-03 23:50:46.456 [http-nio-8080-exec-8] DEBUG c.m.mapper.UserMapper.selectById - ==> Parameters: 104(Long)
2026-10-03 23:50:46.457 [http-nio-8080-exec-8] DEBUG c.m.mapper.UserMapper.selectById - <==      Total: 0
2026-10-03 23:50:48.984 [http-nio-8080-exec-4] DEBUG c.m.mapper.UserMapper.selectById - ==>  Preparing: SELECT id,account,username,password,email,phone,avatar,gender,age,occupation,hobbies,bio,online,status,signature,nickname,experience,points,permissions,create_time,update_time FROM user WHERE id=?
2026-10-03 23:50:48.984 [http-nio-8080-exec-3] DEBUG c.m.mapper.UserMapper.selectById - ==>  Preparing: SELECT id,account,username,password,email,phone,avatar,gender,age,occupation,hobbies,bio,online,status,signature,nickname,experience,points,permissions,create_time,update_time FROM user WHERE id=?
2026-10-03 23:50:48.986 [http-nio-8080-exec-4] DEBUG c.m.mapper.UserMapper.selectById - ==> Parameters: 15(Long)
2026-10-03 23:50:48.986 [http-nio-8080-exec-3] DEBUG c.m.mapper.UserMapper.selectById - ==> Parameters: 15(Long)
2026-10-03 23:50:48.987 [http-nio-8080-exec-4] DEBUG c.m.mapper.UserMapper.selectById - <==      Total: 1
2026-10-03 23:50:48.987 [http-nio-8080-exec-3] DEBUG c.m.mapper.UserMapper.selectById - <==      Total: 1
2026-10-03 23:50:50.904 [http-nio-8080-exec-1] DEBUG c.m.m.T.selectByUserId - ==>  Preparing: SELECT tg.* FROM travel_group tg INNER JOIN group_member gm ON tg.id = gm.group_id WHERE gm.user_id = ? AND tg.deleted = 0
2026-10-03 23:50:50.904 [http-nio-8080-exec-10] DEBUG c.m.m.G.selectByReceiverId - ==>  Preparing: SELECT * FROM group_notification WHERE receiver_id = ? ORDER BY created_at DESC
2026-10-03 23:50:50.905 [http-nio-8080-exec-7] DEBUG c.m.mapper.UserMapper.selectById - ==>  Preparing: SELECT id,account,username,password,email,phone,avatar,gender,age,occupation,hobbies,bio,online,status,signature,nickname,experience,points,permissions,create_time,update_time FROM user WHERE id=?
2026-10-03 23:50:50.905 [http-nio-8080-exec-5] DEBUG c.m.m.CarouselsMapper.selectList - ==>  Preparing: SELECT id,title,subtitle,image_url,mobile_image_url,thumbnail_url,link_type,link_url,link_target,target_id,button_text,button_color,text_color,text_shadow,overlay_color,overlay_opacity,position,device_type,user_type,start_time,end_time,is_always_show,click_count,impression_count,sort_order,is_active,is_deleted,remark,created_by,created_at,updated_at FROM carousels WHERE (position = ? AND is_active = ? AND (is_deleted = ? OR is_deleted IS NULL) AND (is_always_show = ? OR (start_time <= ? AND end_time >= ?)))
2026-10-03 23:50:50.905 [http-nio-8080-exec-1] DEBUG c.m.m.T.selectByUserId - ==> Parameters: 15(Long)
2026-10-03 23:50:50.905 [http-nio-8080-exec-10] DEBUG c.m.m.G.selectByReceiverId - ==> Parameters: 15(Long)
2026-10-03 23:50:50.905 [http-nio-8080-exec-7] DEBUG c.m.mapper.UserMapper.selectById - ==> Parameters: 15(Long)
2026-10-03 23:50:50.905 [http-nio-8080-exec-5] DEBUG c.m.m.CarouselsMapper.selectList - ==> Parameters: strategy(String), true(Boolean), false(Boolean), true(Boolean), 2026-10-03T23:50:50.903372300(LocalDateTime), 2026-10-03T23:50:50.903372300(LocalDateTime)
2026-10-03 23:50:50.905 [http-nio-8080-exec-2] DEBUG c.m.m.C.selectList - ==>  Preparing: SELECT id,group_name,group_code,description,display_type,auto_play,auto_play_interval,animation_type,show_indicators,show_arrows,pause_on_hover,width,height,aspect_ratio,max_items,is_active,sort_order,created_at,updated_at FROM carousel_groups WHERE (group_code = ? AND is_active = ?)
2026-10-03 23:50:50.907 [http-nio-8080-exec-10] DEBUG c.m.m.G.selectByReceiverId - <==      Total: 0
2026-10-03 23:50:50.907 [http-nio-8080-exec-2] DEBUG c.m.m.C.selectList - ==> Parameters: gc(String), true(Boolean)
2026-10-03 23:50:50.907 [http-nio-8080-exec-7] DEBUG c.m.mapper.UserMapper.selectById - <==      Total: 1
2026-10-03 23:50:50.907 [http-nio-8080-exec-1] DEBUG c.m.m.T.selectByUserId - <==      Total: 4
2026-10-03 23:50:50.907 [http-nio-8080-exec-5] DEBUG c.m.m.CarouselsMapper.selectList - <==      Total: 2
2026-10-03 23:50:50.908 [http-nio-8080-exec-9] DEBUG c.m.m.G.selectList_mpCount - ==>  Preparing: SELECT COUNT(*) AS total FROM group_travel WHERE (status = ?)
2026-10-03 23:50:50.908 [http-nio-8080-exec-2] DEBUG c.m.m.C.selectList - <==      Total: 0
2026-10-03 23:50:50.908 [http-nio-8080-exec-1] DEBUG c.m.m.GroupMemberMapper.selectCount - ==>  Preparing: SELECT COUNT( * ) AS total FROM group_member WHERE (group_id = ? AND status = ?)
2026-10-03 23:50:50.908 [http-nio-8080-exec-9] DEBUG c.m.m.G.selectList_mpCount - ==> Parameters: 1(Integer)
2026-10-03 23:50:50.908 [http-nio-8080-exec-1] DEBUG c.m.m.GroupMemberMapper.selectCount - ==> Parameters: 1(Long), 1(Integer)
2026-10-03 23:50:50.909 [http-nio-8080-exec-9] DEBUG c.m.m.G.selectList_mpCount - <==      Total: 1
2026-10-03 23:50:50.909 [http-nio-8080-exec-1] DEBUG c.m.m.GroupMemberMapper.selectCount - <==      Total: 1
2026-10-03 23:50:50.909 [http-nio-8080-exec-9] DEBUG c.m.m.GroupTravelMapper.selectList - ==>  Preparing: SELECT id,creator_id,name,description,destination,departure_time,return_time,max_members,current_members,price,images,status,create_time,update_time FROM group_travel WHERE (status = ?) ORDER BY create_time DESC LIMIT ?
2026-10-03 23:50:50.909 [http-nio-8080-exec-1] DEBUG c.m.mapper.UserMapper.selectById - ==>  Preparing: SELECT id,account,username,password,email,phone,avatar,gender,age,occupation,hobbies,bio,online,status,signature,nickname,experience,points,permissions,create_time,update_time FROM user WHERE id=?
2026-10-03 23:50:50.909 [http-nio-8080-exec-1] DEBUG c.m.mapper.UserMapper.selectById - ==> Parameters: 101(Long)
2026-10-03 23:50:50.909 [http-nio-8080-exec-9] DEBUG c.m.m.GroupTravelMapper.selectList - ==> Parameters: 1(Integer), 10(Long)
2026-10-03 23:50:50.911 [http-nio-8080-exec-1] DEBUG c.m.mapper.UserMapper.selectById - <==      Total: 0
2026-10-03 23:50:50.912 [http-nio-8080-exec-9] DEBUG c.m.m.GroupTravelMapper.selectList - <==      Total: 10
2026-10-03 23:50:50.912 [http-nio-8080-exec-1] DEBUG c.m.m.GroupMemberMapper.selectCount - ==>  Preparing: SELECT COUNT( * ) AS total FROM group_member WHERE (group_id = ? AND status = ?)
2026-10-03 23:50:50.912 [http-nio-8080-exec-1] DEBUG c.m.m.GroupMemberMapper.selectCount - ==> Parameters: 2(Long), 1(Integer)
2026-10-03 23:50:50.913 [http-nio-8080-exec-1] DEBUG c.m.m.GroupMemberMapper.selectCount - <==      Total: 1
2026-10-03 23:50:50.913 [http-nio-8080-exec-1] DEBUG c.m.mapper.UserMapper.selectById - ==>  Preparing: SELECT id,account,username,password,email,phone,avatar,gender,age,occupation,hobbies,bio,online,status,signature,nickname,experience,points,permissions,create_time,update_time FROM user WHERE id=?
2026-10-03 23:50:50.913 [http-nio-8080-exec-1] DEBUG c.m.mapper.UserMapper.selectById - ==> Parameters: 102(Long)
2026-10-03 23:50:50.914 [http-nio-8080-exec-1] DEBUG c.m.mapper.UserMapper.selectById - <==      Total: 0
2026-10-03 23:50:50.915 [http-nio-8080-exec-1] DEBUG c.m.m.GroupMemberMapper.selectCount - ==>  Preparing: SELECT COUNT( * ) AS total FROM group_member WHERE (group_id = ? AND status = ?)
2026-10-03 23:50:50.915 [http-nio-8080-exec-1] DEBUG c.m.m.GroupMemberMapper.selectCount - ==> Parameters: 3(Long), 1(Integer)
2026-10-03 23:50:50.916 [http-nio-8080-exec-1] DEBUG c.m.m.GroupMemberMapper.selectCount - <==      Total: 1
2026-10-03 23:50:50.916 [http-nio-8080-exec-1] DEBUG c.m.mapper.UserMapper.selectById - ==>  Preparing: SELECT id,account,username,password,email,phone,avatar,gender,age,occupation,hobbies,bio,online,status,signature,nickname,experience,points,permissions,create_time,update_time FROM user WHERE id=?
2026-10-03 23:50:50.916 [http-nio-8080-exec-1] DEBUG c.m.mapper.UserMapper.selectById - ==> Parameters: 103(Long)
2026-10-03 23:50:50.917 [http-nio-8080-exec-1] DEBUG c.m.mapper.UserMapper.selectById - <==      Total: 0
2026-10-03 23:50:50.918 [http-nio-8080-exec-1] DEBUG c.m.m.GroupMemberMapper.selectCount - ==>  Preparing: SELECT COUNT( * ) AS total FROM group_member WHERE (group_id = ? AND status = ?)
2026-10-03 23:50:50.918 [http-nio-8080-exec-1] DEBUG c.m.m.GroupMemberMapper.selectCount - ==> Parameters: 4(Long), 1(Integer)
2026-10-03 23:50:50.919 [http-nio-8080-exec-1] DEBUG c.m.m.GroupMemberMapper.selectCount - <==      Total: 1
2026-10-03 23:50:50.919 [http-nio-8080-exec-1] DEBUG c.m.mapper.UserMapper.selectById - ==>  Preparing: SELECT id,account,username,password,email,phone,avatar,gender,age,occupation,hobbies,bio,online,status,signature,nickname,experience,points,permissions,create_time,update_time FROM user WHERE id=?
2026-10-03 23:50:50.919 [http-nio-8080-exec-1] DEBUG c.m.mapper.UserMapper.selectById - ==> Parameters: 104(Long)
2026-10-03 23:50:50.921 [http-nio-8080-exec-1] DEBUG c.m.mapper.UserMapper.selectById - <==      Total: 0
2026-10-03 23:50:54.493 [http-nio-8080-exec-9] DEBUG c.m.m.G.selectByGroupIdOrdered - ==>  Preparing: SELECT * FROM group_trip_plan WHERE group_id = ? ORDER BY day_index ASC, date ASC
2026-10-03 23:50:54.494 [http-nio-8080-exec-9] DEBUG c.m.m.G.selectByGroupIdOrdered - ==> Parameters: 2(Long)
2026-10-03 23:50:54.494 [http-nio-8080-exec-5] DEBUG c.m.m.G.selectByGroupId - ==>  Preparing: SELECT * FROM group_post WHERE group_id = ? AND deleted = 0 ORDER BY created_at DESC
2026-10-03 23:50:54.494 [http-nio-8080-exec-10] DEBUG c.m.m.G.selectByGroupId - ==>  Preparing: SELECT * FROM group_member WHERE group_id = ?
2026-10-03 23:50:54.495 [http-nio-8080-exec-10] DEBUG c.m.m.G.selectByGroupId - ==> Parameters: 2(Long)
2026-10-03 23:50:54.495 [http-nio-8080-exec-5] DEBUG c.m.m.G.selectByGroupId - ==> Parameters: 2(Long)
2026-10-03 23:50:54.495 [http-nio-8080-exec-1] DEBUG c.m.m.G.selectByGroupId - ==>  Preparing: SELECT * FROM group_bill WHERE group_id = ? ORDER BY bill_date DESC
2026-10-03 23:50:54.495 [http-nio-8080-exec-9] DEBUG c.m.m.G.selectByGroupIdOrdered - <==      Total: 2
2026-10-03 23:50:54.495 [http-nio-8080-exec-1] DEBUG c.m.m.G.selectByGroupId - ==> Parameters: 2(Long)
2026-10-03 23:50:54.495 [http-nio-8080-exec-10] DEBUG c.m.m.G.selectByGroupId - <==      Total: 5
2026-10-03 23:50:54.495 [http-nio-8080-exec-1] DEBUG c.m.m.G.selectByGroupId - <==      Total: 2
2026-10-03 23:50:54.495 [http-nio-8080-exec-5] DEBUG c.m.m.G.selectByGroupId - <==      Total: 2
2026-10-03 23:50:54.496 [http-nio-8080-exec-6] DEBUG c.m.m.G.selectByGroupId - ==>  Preparing: SELECT * FROM group_poll WHERE group_id = ? ORDER BY created_at DESC
2026-10-03 23:50:54.496 [http-nio-8080-exec-5] DEBUG c.m.mapper.UserMapper.selectById - ==>  Preparing: SELECT id,account,username,password,email,phone,avatar,gender,age,occupation,hobbies,bio,online,status,signature,nickname,experience,points,permissions,create_time,update_time FROM user WHERE id=?
2026-10-03 23:50:54.496 [http-nio-8080-exec-6] DEBUG c.m.m.G.selectByGroupId - ==> Parameters: 2(Long)
2026-10-03 23:50:54.496 [http-nio-8080-exec-5] DEBUG c.m.mapper.UserMapper.selectById - ==> Parameters: 105(Long)
2026-10-03 23:50:54.496 [http-nio-8080-exec-4] DEBUG c.m.m.G.selectByGroupIdOrdered - ==>  Preparing: SELECT * FROM group_album WHERE group_id = ? AND deleted = 0 ORDER BY created_at DESC
2026-10-03 23:50:54.496 [http-nio-8080-exec-4] DEBUG c.m.m.G.selectByGroupIdOrdered - ==> Parameters: 2(Long)
2026-10-03 23:50:54.497 [http-nio-8080-exec-5] DEBUG c.m.mapper.UserMapper.selectById - <==      Total: 0
2026-10-03 23:50:54.497 [http-nio-8080-exec-6] DEBUG c.m.m.G.selectByGroupId - <==      Total: 2
2026-10-03 23:50:54.498 [http-nio-8080-exec-6] DEBUG c.m.m.G.selectByPollId - ==>  Preparing: SELECT * FROM group_poll_vote WHERE poll_id = ?
2026-10-03 23:50:54.498 [http-nio-8080-exec-4] DEBUG c.m.m.G.selectByGroupIdOrdered - <==      Total: 2
2026-10-03 23:50:54.498 [http-nio-8080-exec-6] DEBUG c.m.m.G.selectByPollId - ==> Parameters: 4(Long)
2026-10-03 23:50:54.500 [http-nio-8080-exec-5] DEBUG c.m.mapper.UserMapper.selectById - ==>  Preparing: SELECT id,account,username,password,email,phone,avatar,gender,age,occupation,hobbies,bio,online,status,signature,nickname,experience,points,permissions,create_time,update_time FROM user WHERE id=?
2026-10-03 23:50:54.500 [http-nio-8080-exec-6] DEBUG c.m.m.G.selectByPollId - <==      Total: 1
2026-10-03 23:50:54.500 [http-nio-8080-exec-6] DEBUG c.m.m.G.selectByPollAndUser - ==>  Preparing: SELECT * FROM group_poll_vote WHERE poll_id = ? AND user_id = ?
2026-10-03 23:50:54.500 [http-nio-8080-exec-5] DEBUG c.m.mapper.UserMapper.selectById - ==> Parameters: 102(Long)
2026-10-03 23:50:54.500 [http-nio-8080-exec-6] DEBUG c.m.m.G.selectByPollAndUser - ==> Parameters: 4(Long), 15(Long)
2026-10-03 23:50:54.501 [http-nio-8080-exec-6] DEBUG c.m.m.G.selectByPollAndUser - <==      Total: 0
2026-10-03 23:50:54.501 [http-nio-8080-exec-5] DEBUG c.m.mapper.UserMapper.selectById - <==      Total: 0
2026-10-03 23:50:54.501 [http-nio-8080-exec-6] DEBUG c.m.m.G.selectByPollId - ==>  Preparing: SELECT * FROM group_poll_vote WHERE poll_id = ?
2026-10-03 23:50:54.501 [http-nio-8080-exec-6] DEBUG c.m.m.G.selectByPollId - ==> Parameters: 3(Long)
2026-10-03 23:50:54.502 [http-nio-8080-exec-6] DEBUG c.m.m.G.selectByPollId - <==      Total: 2
2026-10-03 23:50:54.502 [http-nio-8080-exec-6] DEBUG c.m.m.G.selectByPollAndUser - ==>  Preparing: SELECT * FROM group_poll_vote WHERE poll_id = ? AND user_id = ?
2026-10-03 23:50:54.503 [http-nio-8080-exec-6] DEBUG c.m.m.G.selectByPollAndUser - ==> Parameters: 3(Long), 15(Long)
2026-10-03 23:50:54.504 [http-nio-8080-exec-6] DEBUG c.m.m.G.selectByPollAndUser - <==      Total: 0
2026-10-03 23:51:03.764 [http-nio-8080-exec-3] DEBUG c.m.mapper.SystemLogMapper.insert - ==>  Preparing: INSERT INTO system_log ( trace_id, user_id, username, user_ip, user_agent, request_id, log_level, log_type, module, action, content, request_url, request_method, status, error_stack, server_host, server_port, created_at ) VALUES ( ?, ?, ?, ?, ?, ?, ?, ?, ?, ?, ?, ?, ?, ?, ?, ?, ?, ? )
2026-10-03 23:51:03.764 [http-nio-8080-exec-3] DEBUG c.m.mapper.SystemLogMapper.insert - ==> Parameters: a7f9f16edd164920ab0e36256d9f91ea(String), 15(Long), 15(String), 0:0:0:0:0:0:0:1(String), Mozilla/5.0 (Windows NT 10.0; Win64; x64) AppleWebKit/537.36 (KHTML, like Gecko) Chrome/154.0.0.0 Safari/537.36(String), bd6198878da349328d6649092909803e(String), ERROR(String), SYSTEM(String), 全局(String), 系统异常(String), 系统异常：Required part 'files' is not present.(String), /api/group/2/album/upload(String), POST(String), ERROR(String), org.springframework.web.multipart.support.MissingServletRequestPartException: Required part 'files' is not present.
	at org.springframework.web.method.annotation.RequestParamMethodArgumentResolver.handleMissingValueInternal(RequestParamMethodArgumentResolver.java:213)
	at org.springframework.web.method.annotation.RequestParamMethodArgumentResolver.handleMissingValue(RequestParamMethodArgumentResolver.java:193)
	at org.springframework.web.method.annotation.AbstractNamedValueMethodArgumentResolver.resolveArgument(AbstractNamedValueMethodArgumentResolver.java:114)
	at org.springframework.web.method.support.HandlerMethodArgumentResolverComposite.resolveArgument(HandlerMethodArgumentResolverComposite.java:122)
	at org.springframework.web.method.support.InvocableHandlerMethod.getMethodArgumentValues(InvocableHandlerMethod.java:181)
	at org.springframework.web.method.support.InvocableHandlerMethod.invokeForRequest(InvocableHandlerMethod.java:148)
	at org.springframework.web.servlet.mvc.method.annotation.ServletInvocableHandlerMethod.invokeAndHandle(ServletInvocableHandlerMethod.java:117)
	at org.springframework.web.servlet.mvc.method.annotation.RequestMappingHandlerAdapter.invokeHandlerMethod(RequestMappingHandlerAdapter.java:884)
	at org.springframework.web.servlet.mvc.method.annotation.RequestMappingHandlerAdapter.handleInternal(RequestMappingHandlerAdapter.java:797)
	at org.springframework.web.servlet.mvc.method.AbstractHandlerMethodAdapter.handle(AbstractHandlerMethodAdapter.java:87)
	at org.springframework.web.servlet.DispatcherServlet.doDispatch(DispatcherServlet.java:1080)
	at org.springframework.web.servlet.DispatcherServlet.doService(DispatcherServlet.java:973)
	at org.springframework.web.servlet.FrameworkServlet.processRequest(FrameworkServlet.java:1011)
	at org.springframework.web.servlet.FrameworkServlet.doPost(FrameworkServlet.java:914)
	at jakarta.servlet.http.HttpServlet.service(HttpServlet.java:731)
	at org.springframework.web.servlet.FrameworkServlet.service(FrameworkServlet.java:885)
	at jakarta.servlet.http.HttpServlet.service(HttpServlet.java:814)
	at org.apache.catalina.core.ApplicationFilterChain.internalDoFilter(ApplicationFilterChain.java:223)
	at org.apache.catalina.core.ApplicationFilterChain.doFilter(ApplicationFilterChain.java:158)
	at org.apache.tomcat.websocket.server.WsFilter.doFilter(WsFilter.java:53)
	at org.apache.catalina.core.ApplicationFilterChain.internalDoFilter(ApplicationFilterChain.java:185)
	at org.apache.catalina.core.ApplicationFilterChain.doFilter(ApplicationFilterChain.java:158)
	at org.springframework.web.filter.OncePerRequestFilter.doFilter(OncePerRequestFilter.java:110)
	at org.apache.catalina.core.ApplicationFilterChain.internalDoFilter(ApplicationFilterChain.java:185)
	at org.apache.catalina.core.ApplicationFilterChain.doFilter(ApplicationFilterChain.java:158)
	at com.alibaba.druid.support.jakarta.WebStatFilter.doFilter(WebStatFilter.java:113)
	at org.apache.catalina.core.ApplicationFilterChain.internalDoFilter(ApplicationFilterChain.java:185)
	at org.apache.catalina.core.ApplicationFilterChain.doFilter(ApplicationFilterChain.java:158)
	at org.springframework.security.web.FilterChainProxy.lambda$doFilterInternal$3(FilterChainProxy.java:231)
	at org.springframework.security.web.ObservationFilterChainDecorator$FilterObservation$SimpleFilterObservation.lambda$wrap$1(ObservationFilterChainDecorator.java:399)
	at org.springframework.security.web.ObservationFilterChainDecorator$AroundFilterObservation$SimpleAroundFilterObservation.lambda$wrap$1(ObservationFilterChainDecorator.java:297)
	at org.springframework.security.web.ObservationFilterChainDecorator.lambda$wrapSecured$0(ObservationFilterChainDecorator.java:79)
	at org.springframework.security.web.ObservationFilterChainDecorator$VirtualFilterChain.doFilter(ObservationFilterChainDecorator.java:125)
	at org.springframework.security.web.access.intercept.AuthorizationFilter.doFilter(AuthorizationFilter.jav(String), DESKTOP-JE62AKO(String), 8080(Integer), 2026-10-03T23:51:03.762642800(LocalDateTime)
2026-10-03 23:51:03.768 [http-nio-8080-exec-3] DEBUG c.m.mapper.SystemLogMapper.insert - <==    Updates: 1
2026-10-03 23:51:07.966 [http-nio-8080-exec-7] DEBUG c.m.mapper.UserMapper.selectById - ==>  Preparing: SELECT id,account,username,password,email,phone,avatar,gender,age,occupation,hobbies,bio,online,status,signature,nickname,experience,points,permissions,create_time,update_time FROM user WHERE id=?
2026-10-03 23:51:07.966 [http-nio-8080-exec-9] DEBUG c.m.m.T.selectByUserId - ==>  Preparing: SELECT tg.* FROM travel_group tg INNER JOIN group_member gm ON tg.id = gm.group_id WHERE gm.user_id = ? AND tg.deleted = 0
2026-10-03 23:51:07.966 [http-nio-8080-exec-10] DEBUG c.m.m.G.selectByReceiverId - ==>  Preparing: SELECT * FROM group_notification WHERE receiver_id = ? ORDER BY created_at DESC
2026-10-03 23:51:07.966 [http-nio-8080-exec-1] DEBUG c.m.m.C.selectList - ==>  Preparing: SELECT id,group_name,group_code,description,display_type,auto_play,auto_play_interval,animation_type,show_indicators,show_arrows,pause_on_hover,width,height,aspect_ratio,max_items,is_active,sort_order,created_at,updated_at FROM carousel_groups WHERE (group_code = ? AND is_active = ?)
2026-10-03 23:51:07.966 [http-nio-8080-exec-7] DEBUG c.m.mapper.UserMapper.selectById - ==> Parameters: 15(Long)
2026-10-03 23:51:07.966 [http-nio-8080-exec-10] DEBUG c.m.m.G.selectByReceiverId - ==> Parameters: 15(Long)
2026-10-03 23:51:07.966 [http-nio-8080-exec-9] DEBUG c.m.m.T.selectByUserId - ==> Parameters: 15(Long)
2026-10-03 23:51:07.966 [http-nio-8080-exec-1] DEBUG c.m.m.C.selectList - ==> Parameters: gc(String), true(Boolean)
2026-10-03 23:51:07.966 [http-nio-8080-exec-4] DEBUG c.m.m.CarouselsMapper.selectList - ==>  Preparing: SELECT id,title,subtitle,image_url,mobile_image_url,thumbnail_url,link_type,link_url,link_target,target_id,button_text,button_color,text_color,text_shadow,overlay_color,overlay_opacity,position,device_type,user_type,start_time,end_time,is_always_show,click_count,impression_count,sort_order,is_active,is_deleted,remark,created_by,created_at,updated_at FROM carousels WHERE (position = ? AND is_active = ? AND (is_deleted = ? OR is_deleted IS NULL) AND (is_always_show = ? OR (start_time <= ? AND end_time >= ?)))
2026-10-03 23:51:07.967 [http-nio-8080-exec-10] DEBUG c.m.m.G.selectByReceiverId - <==      Total: 0
2026-10-03 23:51:07.967 [http-nio-8080-exec-1] DEBUG c.m.m.C.selectList - <==      Total: 0
2026-10-03 23:51:07.967 [http-nio-8080-exec-7] DEBUG c.m.mapper.UserMapper.selectById - <==      Total: 1
2026-10-03 23:51:07.967 [http-nio-8080-exec-4] DEBUG c.m.m.CarouselsMapper.selectList - ==> Parameters: strategy(String), true(Boolean), false(Boolean), true(Boolean), 2026-10-03T23:51:07.966220500(LocalDateTime), 2026-10-03T23:51:07.966220500(LocalDateTime)
2026-10-03 23:51:07.967 [http-nio-8080-exec-9] DEBUG c.m.m.T.selectByUserId - <==      Total: 4
2026-10-03 23:51:07.968 [http-nio-8080-exec-8] DEBUG c.m.m.G.selectList_mpCount - ==>  Preparing: SELECT COUNT(*) AS total FROM group_travel WHERE (status = ?)
2026-10-03 23:51:07.968 [http-nio-8080-exec-4] DEBUG c.m.m.CarouselsMapper.selectList - <==      Total: 2
2026-10-03 23:51:07.968 [http-nio-8080-exec-9] DEBUG c.m.m.GroupMemberMapper.selectCount - ==>  Preparing: SELECT COUNT( * ) AS total FROM group_member WHERE (group_id = ? AND status = ?)
2026-10-03 23:51:07.968 [http-nio-8080-exec-8] DEBUG c.m.m.G.selectList_mpCount - ==> Parameters: 1(Integer)
2026-10-03 23:51:07.968 [http-nio-8080-exec-9] DEBUG c.m.m.GroupMemberMapper.selectCount - ==> Parameters: 1(Long), 1(Integer)
2026-10-03 23:51:07.969 [http-nio-8080-exec-9] DEBUG c.m.m.GroupMemberMapper.selectCount - <==      Total: 1
2026-10-03 23:51:07.969 [http-nio-8080-exec-8] DEBUG c.m.m.G.selectList_mpCount - <==      Total: 1
2026-10-03 23:51:07.969 [http-nio-8080-exec-8] DEBUG c.m.m.GroupTravelMapper.selectList - ==>  Preparing: SELECT id,creator_id,name,description,destination,departure_time,return_time,max_members,current_members,price,images,status,create_time,update_time FROM group_travel WHERE (status = ?) ORDER BY create_time DESC LIMIT ?
2026-10-03 23:51:07.969 [http-nio-8080-exec-9] DEBUG c.m.mapper.UserMapper.selectById - ==>  Preparing: SELECT id,account,username,password,email,phone,avatar,gender,age,occupation,hobbies,bio,online,status,signature,nickname,experience,points,permissions,create_time,update_time FROM user WHERE id=?
2026-10-03 23:51:07.969 [http-nio-8080-exec-9] DEBUG c.m.mapper.UserMapper.selectById - ==> Parameters: 101(Long)
2026-10-03 23:51:07.969 [http-nio-8080-exec-8] DEBUG c.m.m.GroupTravelMapper.selectList - ==> Parameters: 1(Integer), 10(Long)
2026-10-03 23:51:07.969 [http-nio-8080-exec-9] DEBUG c.m.mapper.UserMapper.selectById - <==      Total: 0
2026-10-03 23:51:07.971 [http-nio-8080-exec-9] DEBUG c.m.m.GroupMemberMapper.selectCount - ==>  Preparing: SELECT COUNT( * ) AS total FROM group_member WHERE (group_id = ? AND status = ?)
2026-10-03 23:51:07.971 [http-nio-8080-exec-8] DEBUG c.m.m.GroupTravelMapper.selectList - <==      Total: 10
2026-10-03 23:51:07.971 [http-nio-8080-exec-9] DEBUG c.m.m.GroupMemberMapper.selectCount - ==> Parameters: 2(Long), 1(Integer)
2026-10-03 23:51:07.971 [http-nio-8080-exec-9] DEBUG c.m.m.GroupMemberMapper.selectCount - <==      Total: 1
2026-10-03 23:51:07.971 [http-nio-8080-exec-9] DEBUG c.m.mapper.UserMapper.selectById - ==>  Preparing: SELECT id,account,username,password,email,phone,avatar,gender,age,occupation,hobbies,bio,online,status,signature,nickname,experience,points,permissions,create_time,update_time FROM user WHERE id=?
2026-10-03 23:51:07.971 [http-nio-8080-exec-9] DEBUG c.m.mapper.UserMapper.selectById - ==> Parameters: 102(Long)
2026-10-03 23:51:07.973 [http-nio-8080-exec-9] DEBUG c.m.mapper.UserMapper.selectById - <==      Total: 0
2026-10-03 23:51:07.973 [http-nio-8080-exec-9] DEBUG c.m.m.GroupMemberMapper.selectCount - ==>  Preparing: SELECT COUNT( * ) AS total FROM group_member WHERE (group_id = ? AND status = ?)
2026-10-03 23:51:07.974 [http-nio-8080-exec-9] DEBUG c.m.m.GroupMemberMapper.selectCount - ==> Parameters: 3(Long), 1(Integer)
2026-10-03 23:51:07.975 [http-nio-8080-exec-9] DEBUG c.m.m.GroupMemberMapper.selectCount - <==      Total: 1
2026-10-03 23:51:07.975 [http-nio-8080-exec-9] DEBUG c.m.mapper.UserMapper.selectById - ==>  Preparing: SELECT id,account,username,password,email,phone,avatar,gender,age,occupation,hobbies,bio,online,status,signature,nickname,experience,points,permissions,create_time,update_time FROM user WHERE id=?
2026-10-03 23:51:07.975 [http-nio-8080-exec-9] DEBUG c.m.mapper.UserMapper.selectById - ==> Parameters: 103(Long)
2026-10-03 23:51:07.976 [http-nio-8080-exec-9] DEBUG c.m.mapper.UserMapper.selectById - <==      Total: 0
2026-10-03 23:51:07.976 [http-nio-8080-exec-9] DEBUG c.m.m.GroupMemberMapper.selectCount - ==>  Preparing: SELECT COUNT( * ) AS total FROM group_member WHERE (group_id = ? AND status = ?)
2026-10-03 23:51:07.976 [http-nio-8080-exec-9] DEBUG c.m.m.GroupMemberMapper.selectCount - ==> Parameters: 4(Long), 1(Integer)
2026-10-03 23:51:07.977 [http-nio-8080-exec-9] DEBUG c.m.m.GroupMemberMapper.selectCount - <==      Total: 1
2026-10-03 23:51:07.977 [http-nio-8080-exec-9] DEBUG c.m.mapper.UserMapper.selectById - ==>  Preparing: SELECT id,account,username,password,email,phone,avatar,gender,age,occupation,hobbies,bio,online,status,signature,nickname,experience,points,permissions,create_time,update_time FROM user WHERE id=?
2026-10-03 23:51:07.977 [http-nio-8080-exec-9] DEBUG c.m.mapper.UserMapper.selectById - ==> Parameters: 104(Long)
2026-10-03 23:51:07.977 [http-nio-8080-exec-9] DEBUG c.m.mapper.UserMapper.selectById - <==      Total: 0
2026-10-03 23:51:10.616 [http-nio-8080-exec-4] DEBUG c.m.m.G.selectByGroupId - ==>  Preparing: SELECT * FROM group_member WHERE group_id = ?
2026-10-03 23:51:10.617 [http-nio-8080-exec-4] DEBUG c.m.m.G.selectByGroupId - ==> Parameters: 3(Long)
2026-10-03 23:51:10.618 [http-nio-8080-exec-4] DEBUG c.m.m.G.selectByGroupId - <==      Total: 6
2026-10-03 23:51:10.618 [http-nio-8080-exec-5] DEBUG c.m.m.G.selectByGroupIdOrdered - ==>  Preparing: SELECT * FROM group_album WHERE group_id = ? AND deleted = 0 ORDER BY created_at DESC
2026-10-03 23:51:10.618 [http-nio-8080-exec-2] DEBUG c.m.m.G.selectByGroupId - ==>  Preparing: SELECT * FROM group_post WHERE group_id = ? AND deleted = 0 ORDER BY created_at DESC
2026-10-03 23:51:10.618 [http-nio-8080-exec-5] DEBUG c.m.m.G.selectByGroupIdOrdered - ==> Parameters: 3(Long)
2026-10-03 23:51:10.618 [http-nio-8080-exec-2] DEBUG c.m.m.G.selectByGroupId - ==> Parameters: 3(Long)
2026-10-03 23:51:10.618 [http-nio-8080-exec-2] DEBUG c.m.m.G.selectByGroupId - <==      Total: 1
2026-10-03 23:51:10.618 [http-nio-8080-exec-5] DEBUG c.m.m.G.selectByGroupIdOrdered - <==      Total: 1
2026-10-03 23:51:10.619 [http-nio-8080-exec-2] DEBUG c.m.mapper.UserMapper.selectById - ==>  Preparing: SELECT id,account,username,password,email,phone,avatar,gender,age,occupation,hobbies,bio,online,status,signature,nickname,experience,points,permissions,create_time,update_time FROM user WHERE id=?
2026-10-03 23:51:10.619 [http-nio-8080-exec-2] DEBUG c.m.mapper.UserMapper.selectById - ==> Parameters: 103(Long)
2026-10-03 23:51:10.619 [http-nio-8080-exec-8] DEBUG c.m.m.G.selectByGroupIdOrdered - ==>  Preparing: SELECT * FROM group_trip_plan WHERE group_id = ? ORDER BY day_index ASC, date ASC
2026-10-03 23:51:10.619 [http-nio-8080-exec-8] DEBUG c.m.m.G.selectByGroupIdOrdered - ==> Parameters: 3(Long)
2026-10-03 23:51:10.619 [http-nio-8080-exec-2] DEBUG c.m.mapper.UserMapper.selectById - <==      Total: 0
2026-10-03 23:51:10.619 [http-nio-8080-exec-8] DEBUG c.m.m.G.selectByGroupIdOrdered - <==      Total: 1
2026-10-03 23:51:10.621 [http-nio-8080-exec-1] DEBUG c.m.m.G.selectByGroupId - ==>  Preparing: SELECT * FROM group_poll WHERE group_id = ? ORDER BY created_at DESC
2026-10-03 23:51:10.621 [http-nio-8080-exec-1] DEBUG c.m.m.G.selectByGroupId - ==> Parameters: 3(Long)
2026-10-03 23:51:10.621 [http-nio-8080-exec-9] DEBUG c.m.m.G.selectByGroupId - ==>  Preparing: SELECT * FROM group_bill WHERE group_id = ? ORDER BY bill_date DESC
2026-10-03 23:51:10.621 [http-nio-8080-exec-1] DEBUG c.m.m.G.selectByGroupId - <==      Total: 1
2026-10-03 23:51:10.621 [http-nio-8080-exec-9] DEBUG c.m.m.G.selectByGroupId - ==> Parameters: 3(Long)
2026-10-03 23:51:10.621 [http-nio-8080-exec-1] DEBUG c.m.m.G.selectByPollId - ==>  Preparing: SELECT * FROM group_poll_vote WHERE poll_id = ?
2026-10-03 23:51:10.623 [http-nio-8080-exec-1] DEBUG c.m.m.G.selectByPollId - ==> Parameters: 5(Long)
2026-10-03 23:51:10.623 [http-nio-8080-exec-9] DEBUG c.m.m.G.selectByGroupId - <==      Total: 1
2026-10-03 23:51:10.623 [http-nio-8080-exec-1] DEBUG c.m.m.G.selectByPollId - <==      Total: 0
2026-10-03 23:51:10.624 [http-nio-8080-exec-1] DEBUG c.m.m.G.selectByPollAndUser - ==>  Preparing: SELECT * FROM group_poll_vote WHERE poll_id = ? AND user_id = ?
2026-10-03 23:51:10.624 [http-nio-8080-exec-1] DEBUG c.m.m.G.selectByPollAndUser - ==> Parameters: 5(Long), 15(Long)
2026-10-03 23:51:10.624 [http-nio-8080-exec-1] DEBUG c.m.m.G.selectByPollAndUser - <==      Total: 0
2026-10-03 23:51:11.617 [http-nio-8080-exec-7] DEBUG c.m.m.G.selectByGroupId - ==>  Preparing: SELECT * FROM group_post WHERE group_id = ? AND deleted = 0 ORDER BY created_at DESC
2026-10-03 23:51:11.618 [http-nio-8080-exec-6] DEBUG c.m.m.G.selectByGroupIdOrdered - ==>  Preparing: SELECT * FROM group_trip_plan WHERE group_id = ? ORDER BY day_index ASC, date ASC
2026-10-03 23:51:11.618 [http-nio-8080-exec-10] DEBUG c.m.m.G.selectByGroupId - ==>  Preparing: SELECT * FROM group_bill WHERE group_id = ? ORDER BY bill_date DESC
2026-10-03 23:51:11.618 [http-nio-8080-exec-7] DEBUG c.m.m.G.selectByGroupId - ==> Parameters: 2(Long)
2026-10-03 23:51:11.618 [http-nio-8080-exec-10] DEBUG c.m.m.G.selectByGroupId - ==> Parameters: 2(Long)
2026-10-03 23:51:11.618 [http-nio-8080-exec-6] DEBUG c.m.m.G.selectByGroupIdOrdered - ==> Parameters: 2(Long)
2026-10-03 23:51:11.618 [http-nio-8080-exec-3] DEBUG c.m.m.G.selectByGroupId - ==>  Preparing: SELECT * FROM group_member WHERE group_id = ?
2026-10-03 23:51:11.618 [http-nio-8080-exec-3] DEBUG c.m.m.G.selectByGroupId - ==> Parameters: 2(Long)
2026-10-03 23:51:11.618 [http-nio-8080-exec-4] DEBUG c.m.m.G.selectByGroupIdOrdered - ==>  Preparing: SELECT * FROM group_album WHERE group_id = ? AND deleted = 0 ORDER BY created_at DESC
2026-10-03 23:51:11.618 [http-nio-8080-exec-4] DEBUG c.m.m.G.selectByGroupIdOrdered - ==> Parameters: 2(Long)
2026-10-03 23:51:11.619 [http-nio-8080-exec-7] DEBUG c.m.m.G.selectByGroupId - <==      Total: 2
2026-10-03 23:51:11.619 [http-nio-8080-exec-10] DEBUG c.m.m.G.selectByGroupId - <==      Total: 2
2026-10-03 23:51:11.619 [http-nio-8080-exec-6] DEBUG c.m.m.G.selectByGroupIdOrdered - <==      Total: 2
2026-10-03 23:51:11.619 [http-nio-8080-exec-5] DEBUG c.m.m.G.selectByGroupId - ==>  Preparing: SELECT * FROM group_poll WHERE group_id = ? ORDER BY created_at DESC
2026-10-03 23:51:11.619 [http-nio-8080-exec-3] DEBUG c.m.m.G.selectByGroupId - <==      Total: 5
2026-10-03 23:51:11.619 [http-nio-8080-exec-7] DEBUG c.m.mapper.UserMapper.selectById - ==>  Preparing: SELECT id,account,username,password,email,phone,avatar,gender,age,occupation,hobbies,bio,online,status,signature,nickname,experience,points,permissions,create_time,update_time FROM user WHERE id=?
2026-10-03 23:51:11.619 [http-nio-8080-exec-5] DEBUG c.m.m.G.selectByGroupId - ==> Parameters: 2(Long)
2026-10-03 23:51:11.619 [http-nio-8080-exec-7] DEBUG c.m.mapper.UserMapper.selectById - ==> Parameters: 105(Long)
2026-10-03 23:51:11.619 [http-nio-8080-exec-7] DEBUG c.m.mapper.UserMapper.selectById - <==      Total: 0
2026-10-03 23:51:11.619 [http-nio-8080-exec-4] DEBUG c.m.m.G.selectByGroupIdOrdered - <==      Total: 2
2026-10-03 23:51:11.619 [http-nio-8080-exec-5] DEBUG c.m.m.G.selectByGroupId - <==      Total: 2
2026-10-03 23:51:11.620 [http-nio-8080-exec-5] DEBUG c.m.m.G.selectByPollId - ==>  Preparing: SELECT * FROM group_poll_vote WHERE poll_id = ?
2026-10-03 23:51:11.620 [http-nio-8080-exec-5] DEBUG c.m.m.G.selectByPollId - ==> Parameters: 4(Long)
2026-10-03 23:51:11.621 [http-nio-8080-exec-5] DEBUG c.m.m.G.selectByPollId - <==      Total: 1
2026-10-03 23:51:11.621 [http-nio-8080-exec-7] DEBUG c.m.mapper.UserMapper.selectById - ==>  Preparing: SELECT id,account,username,password,email,phone,avatar,gender,age,occupation,hobbies,bio,online,status,signature,nickname,experience,points,permissions,create_time,update_time FROM user WHERE id=?
2026-10-03 23:51:11.621 [http-nio-8080-exec-5] DEBUG c.m.m.G.selectByPollAndUser - ==>  Preparing: SELECT * FROM group_poll_vote WHERE poll_id = ? AND user_id = ?
2026-10-03 23:51:11.621 [http-nio-8080-exec-7] DEBUG c.m.mapper.UserMapper.selectById - ==> Parameters: 102(Long)
2026-10-03 23:51:11.621 [http-nio-8080-exec-5] DEBUG c.m.m.G.selectByPollAndUser - ==> Parameters: 4(Long), 15(Long)
2026-10-03 23:51:11.621 [http-nio-8080-exec-5] DEBUG c.m.m.G.selectByPollAndUser - <==      Total: 0
2026-10-03 23:51:11.621 [http-nio-8080-exec-7] DEBUG c.m.mapper.UserMapper.selectById - <==      Total: 0
2026-10-03 23:51:11.622 [http-nio-8080-exec-5] DEBUG c.m.m.G.selectByPollId - ==>  Preparing: SELECT * FROM group_poll_vote WHERE poll_id = ?
2026-10-03 23:51:11.622 [http-nio-8080-exec-5] DEBUG c.m.m.G.selectByPollId - ==> Parameters: 3(Long)
2026-10-03 23:51:11.622 [http-nio-8080-exec-5] DEBUG c.m.m.G.selectByPollId - <==      Total: 2
2026-10-03 23:51:11.623 [http-nio-8080-exec-5] DEBUG c.m.m.G.selectByPollAndUser - ==>  Preparing: SELECT * FROM group_poll_vote WHERE poll_id = ? AND user_id = ?
2026-10-03 23:51:11.623 [http-nio-8080-exec-5] DEBUG c.m.m.G.selectByPollAndUser - ==> Parameters: 3(Long), 15(Long)
2026-10-03 23:51:11.623 [http-nio-8080-exec-5] DEBUG c.m.m.G.selectByPollAndUser - <==      Total: 0
2026-10-03 23:51:14.331 [http-nio-8080-exec-2] DEBUG c.m.m.G.selectByGroupId - ==>  Preparing: SELECT * FROM group_post WHERE group_id = ? AND deleted = 0 ORDER BY created_at DESC
2026-10-03 23:51:14.332 [http-nio-8080-exec-2] DEBUG c.m.m.G.selectByGroupId - ==> Parameters: 3(Long)
2026-10-03 23:51:14.332 [http-nio-8080-exec-8] DEBUG c.m.m.G.selectByGroupId - ==>  Preparing: SELECT * FROM group_member WHERE group_id = ?
2026-10-03 23:51:14.332 [http-nio-8080-exec-9] DEBUG c.m.m.G.selectByGroupIdOrdered - ==>  Preparing: SELECT * FROM group_trip_plan WHERE group_id = ? ORDER BY day_index ASC, date ASC
2026-10-03 23:51:14.332 [http-nio-8080-exec-8] DEBUG c.m.m.G.selectByGroupId - ==> Parameters: 3(Long)
2026-10-03 23:51:14.332 [http-nio-8080-exec-9] DEBUG c.m.m.G.selectByGroupIdOrdered - ==> Parameters: 3(Long)
2026-10-03 23:51:14.332 [http-nio-8080-exec-10] DEBUG c.m.m.G.selectByGroupId - ==>  Preparing: SELECT * FROM group_poll WHERE group_id = ? ORDER BY created_at DESC
2026-10-03 23:51:14.332 [http-nio-8080-exec-1] DEBUG c.m.m.G.selectByGroupId - ==>  Preparing: SELECT * FROM group_bill WHERE group_id = ? ORDER BY bill_date DESC
2026-10-03 23:51:14.333 [http-nio-8080-exec-10] DEBUG c.m.m.G.selectByGroupId - ==> Parameters: 3(Long)
2026-10-03 23:51:14.333 [http-nio-8080-exec-1] DEBUG c.m.m.G.selectByGroupId - ==> Parameters: 3(Long)
2026-10-03 23:51:14.333 [http-nio-8080-exec-9] DEBUG c.m.m.G.selectByGroupIdOrdered - <==      Total: 1
2026-10-03 23:51:14.333 [http-nio-8080-exec-3] DEBUG c.m.m.G.selectByGroupIdOrdered - ==>  Preparing: SELECT * FROM group_album WHERE group_id = ? AND deleted = 0 ORDER BY created_at DESC
2026-10-03 23:51:14.333 [http-nio-8080-exec-8] DEBUG c.m.m.G.selectByGroupId - <==      Total: 6
2026-10-03 23:51:14.333 [http-nio-8080-exec-2] DEBUG c.m.m.G.selectByGroupId - <==      Total: 1
2026-10-03 23:51:14.333 [http-nio-8080-exec-3] DEBUG c.m.m.G.selectByGroupIdOrdered - ==> Parameters: 3(Long)
2026-10-03 23:51:14.333 [http-nio-8080-exec-10] DEBUG c.m.m.G.selectByGroupId - <==      Total: 1
2026-10-03 23:51:14.333 [http-nio-8080-exec-1] DEBUG c.m.m.G.selectByGroupId - <==      Total: 1
2026-10-03 23:51:14.333 [http-nio-8080-exec-2] DEBUG c.m.mapper.UserMapper.selectById - ==>  Preparing: SELECT id,account,username,password,email,phone,avatar,gender,age,occupation,hobbies,bio,online,status,signature,nickname,experience,points,permissions,create_time,update_time FROM user WHERE id=?
2026-10-03 23:51:14.333 [http-nio-8080-exec-2] DEBUG c.m.mapper.UserMapper.selectById - ==> Parameters: 103(Long)
2026-10-03 23:51:14.334 [http-nio-8080-exec-3] DEBUG c.m.m.G.selectByGroupIdOrdered - <==      Total: 1
2026-10-03 23:51:14.334 [http-nio-8080-exec-2] DEBUG c.m.mapper.UserMapper.selectById - <==      Total: 0
2026-10-03 23:51:14.334 [http-nio-8080-exec-10] DEBUG c.m.m.G.selectByPollId - ==>  Preparing: SELECT * FROM group_poll_vote WHERE poll_id = ?
2026-10-03 23:51:14.334 [http-nio-8080-exec-10] DEBUG c.m.m.G.selectByPollId - ==> Parameters: 5(Long)
2026-10-03 23:51:14.336 [http-nio-8080-exec-10] DEBUG c.m.m.G.selectByPollId - <==      Total: 0
2026-10-03 23:51:14.336 [http-nio-8080-exec-10] DEBUG c.m.m.G.selectByPollAndUser - ==>  Preparing: SELECT * FROM group_poll_vote WHERE poll_id = ? AND user_id = ?
2026-10-03 23:51:14.336 [http-nio-8080-exec-10] DEBUG c.m.m.G.selectByPollAndUser - ==> Parameters: 5(Long), 15(Long)
2026-10-03 23:51:14.336 [http-nio-8080-exec-10] DEBUG c.m.m.G.selectByPollAndUser - <==      Total: 0
2026-10-03 23:51:17.476 [http-nio-8080-exec-4] DEBUG c.m.m.G.selectByGroupId - ==>  Preparing: SELECT * FROM group_post WHERE group_id = ? AND deleted = 0 ORDER BY created_at DESC
2026-10-03 23:51:17.476 [http-nio-8080-exec-6] DEBUG c.m.m.G.selectByGroupId - ==>  Preparing: SELECT * FROM group_member WHERE group_id = ?
2026-10-03 23:51:17.476 [http-nio-8080-exec-4] DEBUG c.m.m.G.selectByGroupId - ==> Parameters: 4(Long)
2026-10-03 23:51:17.476 [http-nio-8080-exec-6] DEBUG c.m.m.G.selectByGroupId - ==> Parameters: 4(Long)
2026-10-03 23:51:17.477 [http-nio-8080-exec-9] DEBUG c.m.m.G.selectByGroupId - ==>  Preparing: SELECT * FROM group_poll WHERE group_id = ? ORDER BY created_at DESC
2026-10-03 23:51:17.477 [http-nio-8080-exec-9] DEBUG c.m.m.G.selectByGroupId - ==> Parameters: 4(Long)
2026-10-03 23:51:17.477 [http-nio-8080-exec-4] DEBUG c.m.m.G.selectByGroupId - <==      Total: 1
2026-10-03 23:51:17.477 [http-nio-8080-exec-6] DEBUG c.m.m.G.selectByGroupId - <==      Total: 5
2026-10-03 23:51:17.478 [http-nio-8080-exec-4] DEBUG c.m.mapper.UserMapper.selectById - ==>  Preparing: SELECT id,account,username,password,email,phone,avatar,gender,age,occupation,hobbies,bio,online,status,signature,nickname,experience,points,permissions,create_time,update_time FROM user WHERE id=?
2026-10-03 23:51:17.478 [http-nio-8080-exec-9] DEBUG c.m.m.G.selectByGroupId - <==      Total: 1
2026-10-03 23:51:17.478 [http-nio-8080-exec-4] DEBUG c.m.mapper.UserMapper.selectById - ==> Parameters: 104(Long)
2026-10-03 23:51:17.478 [http-nio-8080-exec-9] DEBUG c.m.m.G.selectByPollId - ==>  Preparing: SELECT * FROM group_poll_vote WHERE poll_id = ?
2026-10-03 23:51:17.478 [http-nio-8080-exec-7] DEBUG c.m.m.G.selectByGroupIdOrdered - ==>  Preparing: SELECT * FROM group_trip_plan WHERE group_id = ? ORDER BY day_index ASC, date ASC
2026-10-03 23:51:17.478 [http-nio-8080-exec-5] DEBUG c.m.m.G.selectByGroupId - ==>  Preparing: SELECT * FROM group_bill WHERE group_id = ? ORDER BY bill_date DESC
2026-10-03 23:51:17.478 [http-nio-8080-exec-1] DEBUG c.m.m.G.selectByGroupIdOrdered - ==>  Preparing: SELECT * FROM group_album WHERE group_id = ? AND deleted = 0 ORDER BY created_at DESC
2026-10-03 23:51:17.478 [http-nio-8080-exec-4] DEBUG c.m.mapper.UserMapper.selectById - <==      Total: 0
2026-10-03 23:51:17.478 [http-nio-8080-exec-9] DEBUG c.m.m.G.selectByPollId - ==> Parameters: 6(Long)
2026-10-03 23:51:17.478 [http-nio-8080-exec-7] DEBUG c.m.m.G.selectByGroupIdOrdered - ==> Parameters: 4(Long)
2026-10-03 23:51:17.478 [http-nio-8080-exec-1] DEBUG c.m.m.G.selectByGroupIdOrdered - ==> Parameters: 4(Long)
2026-10-03 23:51:17.478 [http-nio-8080-exec-5] DEBUG c.m.m.G.selectByGroupId - ==> Parameters: 4(Long)
2026-10-03 23:51:17.479 [http-nio-8080-exec-9] DEBUG c.m.m.G.selectByPollId - <==      Total: 1
2026-10-03 23:51:17.479 [http-nio-8080-exec-7] DEBUG c.m.m.G.selectByGroupIdOrdered - <==      Total: 2
2026-10-03 23:51:17.479 [http-nio-8080-exec-1] DEBUG c.m.m.G.selectByGroupIdOrdered - <==      Total: 1
2026-10-03 23:51:17.479 [http-nio-8080-exec-5] DEBUG c.m.m.G.selectByGroupId - <==      Total: 1
2026-10-03 23:51:17.479 [http-nio-8080-exec-9] DEBUG c.m.m.G.selectByPollAndUser - ==>  Preparing: SELECT * FROM group_poll_vote WHERE poll_id = ? AND user_id = ?
2026-10-03 23:51:17.479 [http-nio-8080-exec-9] DEBUG c.m.m.G.selectByPollAndUser - ==> Parameters: 6(Long), 15(Long)
2026-10-03 23:51:17.479 [http-nio-8080-exec-9] DEBUG c.m.m.G.selectByPollAndUser - <==      Total: 0
2026-10-03 23:51:19.935 [http-nio-8080-exec-1] DEBUG c.m.m.G.selectByGroupId - ==>  Preparing: SELECT * FROM group_poll WHERE group_id = ? ORDER BY created_at DESC
2026-10-03 23:51:19.935 [http-nio-8080-exec-2] DEBUG c.m.m.G.selectByGroupId - ==>  Preparing: SELECT * FROM group_post WHERE group_id = ? AND deleted = 0 ORDER BY created_at DESC
2026-10-03 23:51:19.935 [http-nio-8080-exec-2] DEBUG c.m.m.G.selectByGroupId - ==> Parameters: 1(Long)
2026-10-03 23:51:19.935 [http-nio-8080-exec-1] DEBUG c.m.m.G.selectByGroupId - ==> Parameters: 1(Long)
2026-10-03 23:51:19.935 [http-nio-8080-exec-6] DEBUG c.m.m.G.selectByGroupIdOrdered - ==>  Preparing: SELECT * FROM group_album WHERE group_id = ? AND deleted = 0 ORDER BY created_at DESC
2026-10-03 23:51:19.935 [http-nio-8080-exec-8] DEBUG c.m.m.G.selectByGroupIdOrdered - ==>  Preparing: SELECT * FROM group_trip_plan WHERE group_id = ? ORDER BY day_index ASC, date ASC
2026-10-03 23:51:19.935 [http-nio-8080-exec-3] DEBUG c.m.m.G.selectByGroupId - ==>  Preparing: SELECT * FROM group_member WHERE group_id = ?
2026-10-03 23:51:19.935 [http-nio-8080-exec-3] DEBUG c.m.m.G.selectByGroupId - ==> Parameters: 1(Long)
2026-10-03 23:51:19.935 [http-nio-8080-exec-8] DEBUG c.m.m.G.selectByGroupIdOrdered - ==> Parameters: 1(Long)
2026-10-03 23:51:19.935 [http-nio-8080-exec-6] DEBUG c.m.m.G.selectByGroupIdOrdered - ==> Parameters: 1(Long)
2026-10-03 23:51:19.937 [http-nio-8080-exec-2] DEBUG c.m.m.G.selectByGroupId - <==      Total: 3
2026-10-03 23:51:19.937 [http-nio-8080-exec-1] DEBUG c.m.m.G.selectByGroupId - <==      Total: 2
2026-10-03 23:51:19.937 [http-nio-8080-exec-2] DEBUG c.m.mapper.UserMapper.selectById - ==>  Preparing: SELECT id,account,username,password,email,phone,avatar,gender,age,occupation,hobbies,bio,online,status,signature,nickname,experience,points,permissions,create_time,update_time FROM user WHERE id=?
2026-10-03 23:51:19.937 [http-nio-8080-exec-3] DEBUG c.m.m.G.selectByGroupId - <==      Total: 5
2026-10-03 23:51:19.937 [http-nio-8080-exec-2] DEBUG c.m.mapper.UserMapper.selectById - ==> Parameters: 103(Long)
2026-10-03 23:51:19.937 [http-nio-8080-exec-8] DEBUG c.m.m.G.selectByGroupIdOrdered - <==      Total: 3
2026-10-03 23:51:19.937 [http-nio-8080-exec-1] DEBUG c.m.m.G.selectByPollId - ==>  Preparing: SELECT * FROM group_poll_vote WHERE poll_id = ?
2026-10-03 23:51:19.937 [http-nio-8080-exec-6] DEBUG c.m.m.G.selectByGroupIdOrdered - <==      Total: 3
2026-10-03 23:51:19.937 [http-nio-8080-exec-1] DEBUG c.m.m.G.selectByPollId - ==> Parameters: 2(Long)
2026-10-03 23:51:19.937 [http-nio-8080-exec-2] DEBUG c.m.mapper.UserMapper.selectById - <==      Total: 0
2026-10-03 23:51:19.937 [http-nio-8080-exec-1] DEBUG c.m.m.G.selectByPollId - <==      Total: 2
2026-10-03 23:51:19.937 [http-nio-8080-exec-1] DEBUG c.m.m.G.selectByPollAndUser - ==>  Preparing: SELECT * FROM group_poll_vote WHERE poll_id = ? AND user_id = ?
2026-10-03 23:51:19.938 [http-nio-8080-exec-1] DEBUG c.m.m.G.selectByPollAndUser - ==> Parameters: 2(Long), 15(Long)
2026-10-03 23:51:19.938 [http-nio-8080-exec-2] DEBUG c.m.mapper.UserMapper.selectById - ==>  Preparing: SELECT id,account,username,password,email,phone,avatar,gender,age,occupation,hobbies,bio,online,status,signature,nickname,experience,points,permissions,create_time,update_time FROM user WHERE id=?
2026-10-03 23:51:19.938 [http-nio-8080-exec-10] DEBUG c.m.m.G.selectByGroupId - ==>  Preparing: SELECT * FROM group_bill WHERE group_id = ? ORDER BY bill_date DESC
2026-10-03 23:51:19.938 [http-nio-8080-exec-1] DEBUG c.m.m.G.selectByPollAndUser - <==      Total: 0
2026-10-03 23:51:19.938 [http-nio-8080-exec-2] DEBUG c.m.mapper.UserMapper.selectById - ==> Parameters: 102(Long)
2026-10-03 23:51:19.938 [http-nio-8080-exec-10] DEBUG c.m.m.G.selectByGroupId - ==> Parameters: 1(Long)
2026-10-03 23:51:19.939 [http-nio-8080-exec-1] DEBUG c.m.m.G.selectByPollId - ==>  Preparing: SELECT * FROM group_poll_vote WHERE poll_id = ?
2026-10-03 23:51:19.939 [http-nio-8080-exec-2] DEBUG c.m.mapper.UserMapper.selectById - <==      Total: 0
2026-10-03 23:51:19.939 [http-nio-8080-exec-1] DEBUG c.m.m.G.selectByPollId - ==> Parameters: 1(Long)
2026-10-03 23:51:19.939 [http-nio-8080-exec-10] DEBUG c.m.m.G.selectByGroupId - <==      Total: 3
2026-10-03 23:51:19.939 [http-nio-8080-exec-1] DEBUG c.m.m.G.selectByPollId - <==      Total: 3
2026-10-03 23:51:19.939 [http-nio-8080-exec-1] DEBUG c.m.m.G.selectByPollAndUser - ==>  Preparing: SELECT * FROM group_poll_vote WHERE poll_id = ? AND user_id = ?
2026-10-03 23:51:19.941 [http-nio-8080-exec-1] DEBUG c.m.m.G.selectByPollAndUser - ==> Parameters: 1(Long), 15(Long)
2026-10-03 23:51:19.941 [http-nio-8080-exec-2] DEBUG c.m.mapper.UserMapper.selectById - ==>  Preparing: SELECT id,account,username,password,email,phone,avatar,gender,age,occupation,hobbies,bio,online,status,signature,nickname,experience,points,permissions,create_time,update_time FROM user WHERE id=?
2026-10-03 23:51:19.941 [http-nio-8080-exec-2] DEBUG c.m.mapper.UserMapper.selectById - ==> Parameters: 101(Long)
2026-10-03 23:51:19.941 [http-nio-8080-exec-1] DEBUG c.m.m.G.selectByPollAndUser - <==      Total: 0
2026-10-03 23:51:19.941 [http-nio-8080-exec-2] DEBUG c.m.mapper.UserMapper.selectById - <==      Total: 0
2026-10-03 23:51:26.630 [http-nio-8080-exec-5] DEBUG c.m.mapper.UserMapper.selectById - ==>  Preparing: SELECT id,account,username,password,email,phone,avatar,gender,age,occupation,hobbies,bio,online,status,signature,nickname,experience,points,permissions,create_time,update_time FROM user WHERE id=?
2026-10-03 23:51:26.631 [http-nio-8080-exec-5] DEBUG c.m.mapper.UserMapper.selectById - ==> Parameters: 15(Long)
2026-10-03 23:51:26.631 [http-nio-8080-exec-4] DEBUG c.m.mapper.UserMapper.selectById - ==>  Preparing: SELECT id,account,username,password,email,phone,avatar,gender,age,occupation,hobbies,bio,online,status,signature,nickname,experience,points,permissions,create_time,update_time FROM user WHERE id=?
2026-10-03 23:51:26.631 [http-nio-8080-exec-4] DEBUG c.m.mapper.UserMapper.selectById - ==> Parameters: 15(Long)
2026-10-03 23:51:26.632 [http-nio-8080-exec-5] DEBUG c.m.mapper.UserMapper.selectById - <==      Total: 1
2026-10-03 23:51:26.632 [http-nio-8080-exec-4] DEBUG c.m.mapper.UserMapper.selectById - <==      Total: 1
2026-10-03 23:51:28.367 [http-nio-8080-exec-7] DEBUG c.m.mapper.UserMapper.selectById - ==>  Preparing: SELECT id,account,username,password,email,phone,avatar,gender,age,occupation,hobbies,bio,online,status,signature,nickname,experience,points,permissions,create_time,update_time FROM user WHERE id=?
2026-10-03 23:51:28.367 [http-nio-8080-exec-9] DEBUG c.m.m.P.selectList - ==>  Preparing: SELECT id,name,description,points_price,stock,image_url,status,create_time,update_time FROM points_products WHERE (status = ?)
2026-10-03 23:51:28.367 [http-nio-8080-exec-7] DEBUG c.m.mapper.UserMapper.selectById - ==> Parameters: 15(Long)
2026-10-03 23:51:28.367 [http-nio-8080-exec-9] DEBUG c.m.m.P.selectList - ==> Parameters: 1(Integer)
2026-10-03 23:51:28.368 [http-nio-8080-exec-7] DEBUG c.m.mapper.UserMapper.selectById - <==      Total: 1
2026-10-03 23:51:28.368 [http-nio-8080-exec-9] DEBUG c.m.m.P.selectList - <==      Total: 3
2026-10-03 23:51:32.092 [http-nio-8080-exec-10] DEBUG c.m.mapper.SystemLogMapper.insert - ==>  Preparing: INSERT INTO system_log ( trace_id, user_id, username, user_ip, user_agent, request_id, log_level, log_type, module, action, content, request_url, request_method, status, error_stack, server_host, server_port, created_at ) VALUES ( ?, ?, ?, ?, ?, ?, ?, ?, ?, ?, ?, ?, ?, ?, ?, ?, ?, ? )
2026-10-03 23:51:32.092 [http-nio-8080-exec-10] DEBUG c.m.mapper.SystemLogMapper.insert - ==> Parameters: f2d6bf520ab14fd786bf73864ad50b66(String), 15(Long), 15(String), 0:0:0:0:0:0:0:1(String), Mozilla/5.0 (Windows NT 10.0; Win64; x64) AppleWebKit/537.36 (KHTML, like Gecko) Chrome/154.0.0.0 Safari/537.36(String), da0379df64b141af961db986e1bb8859(String), ERROR(String), SYSTEM(String), 全局(String), 系统异常(String), 系统异常：Required request parameter 'productId' for method parameter type Long is not present(String), /api/exchange(String), POST(String), ERROR(String), org.springframework.web.bind.MissingServletRequestParameterException: Required request parameter 'productId' for method parameter type Long is not present
	at org.springframework.web.method.annotation.RequestParamMethodArgumentResolver.handleMissingValueInternal(RequestParamMethodArgumentResolver.java:218)
	at org.springframework.web.method.annotation.RequestParamMethodArgumentResolver.handleMissingValue(RequestParamMethodArgumentResolver.java:193)
	at org.springframework.web.method.annotation.AbstractNamedValueMethodArgumentResolver.resolveArgument(AbstractNamedValueMethodArgumentResolver.java:114)
	at org.springframework.web.method.support.HandlerMethodArgumentResolverComposite.resolveArgument(HandlerMethodArgumentResolverComposite.java:122)
	at org.springframework.web.method.support.InvocableHandlerMethod.getMethodArgumentValues(InvocableHandlerMethod.java:181)
	at org.springframework.web.method.support.InvocableHandlerMethod.invokeForRequest(InvocableHandlerMethod.java:148)
	at org.springframework.web.servlet.mvc.method.annotation.ServletInvocableHandlerMethod.invokeAndHandle(ServletInvocableHandlerMethod.java:117)
	at org.springframework.web.servlet.mvc.method.annotation.RequestMappingHandlerAdapter.invokeHandlerMethod(RequestMappingHandlerAdapter.java:884)
	at org.springframework.web.servlet.mvc.method.annotation.RequestMappingHandlerAdapter.handleInternal(RequestMappingHandlerAdapter.java:797)
	at org.springframework.web.servlet.mvc.method.AbstractHandlerMethodAdapter.handle(AbstractHandlerMethodAdapter.java:87)
	at org.springframework.web.servlet.DispatcherServlet.doDispatch(DispatcherServlet.java:1080)
	at org.springframework.web.servlet.DispatcherServlet.doService(DispatcherServlet.java:973)
	at org.springframework.web.servlet.FrameworkServlet.processRequest(FrameworkServlet.java:1011)
	at org.springframework.web.servlet.FrameworkServlet.doPost(FrameworkServlet.java:914)
	at jakarta.servlet.http.HttpServlet.service(HttpServlet.java:731)
	at org.springframework.web.servlet.FrameworkServlet.service(FrameworkServlet.java:885)
	at jakarta.servlet.http.HttpServlet.service(HttpServlet.java:814)
	at org.apache.catalina.core.ApplicationFilterChain.internalDoFilter(ApplicationFilterChain.java:223)
	at org.apache.catalina.core.ApplicationFilterChain.doFilter(ApplicationFilterChain.java:158)
	at org.apache.tomcat.websocket.server.WsFilter.doFilter(WsFilter.java:53)
	at org.apache.catalina.core.ApplicationFilterChain.internalDoFilter(ApplicationFilterChain.java:185)
	at org.apache.catalina.core.ApplicationFilterChain.doFilter(ApplicationFilterChain.java:158)
	at org.springframework.web.filter.OncePerRequestFilter.doFilter(OncePerRequestFilter.java:110)
	at org.apache.catalina.core.ApplicationFilterChain.internalDoFilter(ApplicationFilterChain.java:185)
	at org.apache.catalina.core.ApplicationFilterChain.doFilter(ApplicationFilterChain.java:158)
	at com.alibaba.druid.support.jakarta.WebStatFilter.doFilter(WebStatFilter.java:113)
	at org.apache.catalina.core.ApplicationFilterChain.internalDoFilter(ApplicationFilterChain.java:185)
	at org.apache.catalina.core.ApplicationFilterChain.doFilter(ApplicationFilterChain.java:158)
	at org.springframework.security.web.FilterChainProxy.lambda$doFilterInternal$3(FilterChainProxy.java:231)
	at org.springframework.security.web.ObservationFilterChainDecorator$FilterObservation$SimpleFilterObservation.lambda$wrap$1(ObservationFilterChainDecorator.java:399)
	at org.springframework.security.web.ObservationFilterChainDecorator$AroundFilterObservation$SimpleAroundFilterObservation.lambda$wrap$1(ObservationFilterChainDecorator.java:297)
	at org.springframework.security.web.ObservationFilterChainDecorator.lambda$wrapSecured$0(ObservationFilterChainDecorator.java:79)
	at org.springframework.security.web.ObservationFilterChainDecorator$VirtualFilterChain.doFilter(ObservationFilterChainDecorator.java:125)
	at org.springframework.security.web.access.intercept.Authorization(String), DESKTOP-JE62AKO(String), 8080(Integer), 2026-10-03T23:51:32.090743500(LocalDateTime)
2026-10-03 23:51:32.097 [http-nio-8080-exec-10] DEBUG c.m.mapper.SystemLogMapper.insert - <==    Updates: 1
2026-10-03 23:51:32.108 [http-nio-8080-exec-1] DEBUG c.m.mapper.UserMapper.selectById - ==>  Preparing: SELECT id,account,username,password,email,phone,avatar,gender,age,occupation,hobbies,bio,online,status,signature,nickname,experience,points,permissions,create_time,update_time FROM user WHERE id=?
2026-10-03 23:51:32.108 [http-nio-8080-exec-2] DEBUG c.m.m.P.selectList - ==>  Preparing: SELECT id,name,description,points_price,stock,image_url,status,create_time,update_time FROM points_products WHERE (status = ?)
2026-10-03 23:51:32.108 [http-nio-8080-exec-1] DEBUG c.m.mapper.UserMapper.selectById - ==> Parameters: 15(Long)
2026-10-03 23:51:32.108 [http-nio-8080-exec-2] DEBUG c.m.m.P.selectList - ==> Parameters: 1(Integer)
2026-10-03 23:51:32.108 [http-nio-8080-exec-1] DEBUG c.m.mapper.UserMapper.selectById - <==      Total: 1
2026-10-03 23:51:32.108 [http-nio-8080-exec-2] DEBUG c.m.m.P.selectList - <==      Total: 3
2026-10-03 23:52:14.855 [http-nio-8080-exec-6] DEBUG c.m.m.O.selectList_mpCount - ==>  Preparing: SELECT COUNT(*) AS total FROM operation_logs
2026-10-03 23:52:14.856 [http-nio-8080-exec-6] DEBUG c.m.m.O.selectList_mpCount - ==> Parameters: 
2026-10-03 23:52:14.857 [http-nio-8080-exec-6] DEBUG c.m.m.O.selectList_mpCount - <==      Total: 1
2026-10-03 23:52:14.857 [http-nio-8080-exec-6] DEBUG c.m.m.OperationLogMapper.selectList - ==>  Preparing: SELECT id,user_id,username,operation_type,operation_desc,ip_address,user_agent,request_uri,request_method,request_params,response_result,execution_time,status,error_msg,module,browser,os,created_at,updated_at FROM operation_logs ORDER BY created_at DESC LIMIT ?
2026-10-03 23:52:14.858 [http-nio-8080-exec-6] DEBUG c.m.m.OperationLogMapper.selectList - ==> Parameters: 10(Long)
2026-10-03 23:52:14.859 [http-nio-8080-exec-6] DEBUG c.m.m.OperationLogMapper.selectList - <==      Total: 10
2026-10-03 23:52:23.913 [http-nio-8080-exec-10] DEBUG c.m.m.S.selectList_mpCount - ==>  Preparing: SELECT COUNT(*) AS total FROM system_log
2026-10-03 23:52:23.913 [http-nio-8080-exec-10] DEBUG c.m.m.S.selectList_mpCount - ==> Parameters: 
2026-10-03 23:52:23.915 [http-nio-8080-exec-10] DEBUG c.m.m.S.selectList_mpCount - <==      Total: 1
2026-10-03 23:52:23.915 [http-nio-8080-exec-10] DEBUG c.m.m.SystemLogMapper.selectList - ==>  Preparing: SELECT id,trace_id,span_id,user_id,username,user_ip,user_agent,request_id,log_level,log_type,module,action,content,request_url,request_method,request_params,response_data,execution_time,status,error_stack,server_host,server_port,created_at FROM system_log ORDER BY created_at DESC LIMIT ?
2026-10-03 23:52:23.915 [http-nio-8080-exec-10] DEBUG c.m.m.SystemLogMapper.selectList - ==> Parameters: 10(Long)
2026-10-03 23:52:23.917 [http-nio-8080-exec-10] DEBUG c.m.m.SystemLogMapper.selectList - <==      Total: 10
2026-10-03 23:52:42.660 [http-nio-8080-exec-5] DEBUG c.m.m.S.selectList_mpCount - ==>  Preparing: SELECT COUNT(*) AS total FROM system_log
2026-10-03 23:52:42.660 [http-nio-8080-exec-5] DEBUG c.m.m.S.selectList_mpCount - ==> Parameters: 
2026-10-03 23:52:42.661 [http-nio-8080-exec-5] DEBUG c.m.m.S.selectList_mpCount - <==      Total: 1
2026-10-03 23:52:42.662 [http-nio-8080-exec-5] DEBUG c.m.m.SystemLogMapper.selectList - ==>  Preparing: SELECT id,trace_id,span_id,user_id,username,user_ip,user_agent,request_id,log_level,log_type,module,action,content,request_url,request_method,request_params,response_data,execution_time,status,error_stack,server_host,server_port,created_at FROM system_log ORDER BY created_at DESC LIMIT ?
2026-10-03 23:52:42.662 [http-nio-8080-exec-5] DEBUG c.m.m.SystemLogMapper.selectList - ==> Parameters: 10(Long)
2026-10-03 23:52:42.664 [http-nio-8080-exec-5] DEBUG c.m.m.SystemLogMapper.selectList - <==      Total: 10
2026-10-03 23:53:33.107 [http-nio-8080-exec-7] DEBUG c.m.mapper.SystemLogMapper.insert - ==>  Preparing: INSERT INTO system_log ( trace_id, user_id, username, user_ip, user_agent, request_id, log_level, log_type, module, action, content, request_url, request_method, status, error_stack, server_host, server_port, created_at ) VALUES ( ?, ?, ?, ?, ?, ?, ?, ?, ?, ?, ?, ?, ?, ?, ?, ?, ?, ? )
2026-10-03 23:53:33.108 [http-nio-8080-exec-7] DEBUG c.m.mapper.SystemLogMapper.insert - ==> Parameters: bfbfd747b4d44e5ca8828d52b820a4f7(String), 15(Long), 15(String), 0:0:0:0:0:0:0:1(String), Mozilla/5.0 (Windows NT 10.0; Win64; x64) AppleWebKit/537.36 (KHTML, like Gecko) Chrome/154.0.0.0 Safari/537.36(String), 9f5220fb26e44ebdb32b74513092a748(String), ERROR(String), SYSTEM(String), 全局(String), 系统异常(String), 系统异常：Required request parameter 'productId' for method parameter type Long is not present(String), /api/exchange(String), POST(String), ERROR(String), org.springframework.web.bind.MissingServletRequestParameterException: Required request parameter 'productId' for method parameter type Long is not present
	at org.springframework.web.method.annotation.RequestParamMethodArgumentResolver.handleMissingValueInternal(RequestParamMethodArgumentResolver.java:218)
	at org.springframework.web.method.annotation.RequestParamMethodArgumentResolver.handleMissingValue(RequestParamMethodArgumentResolver.java:193)
	at org.springframework.web.method.annotation.AbstractNamedValueMethodArgumentResolver.resolveArgument(AbstractNamedValueMethodArgumentResolver.java:114)
	at org.springframework.web.method.support.HandlerMethodArgumentResolverComposite.resolveArgument(HandlerMethodArgumentResolverComposite.java:122)
	at org.springframework.web.method.support.InvocableHandlerMethod.getMethodArgumentValues(InvocableHandlerMethod.java:181)
	at org.springframework.web.method.support.InvocableHandlerMethod.invokeForRequest(InvocableHandlerMethod.java:148)
	at org.springframework.web.servlet.mvc.method.annotation.ServletInvocableHandlerMethod.invokeAndHandle(ServletInvocableHandlerMethod.java:117)
	at org.springframework.web.servlet.mvc.method.annotation.RequestMappingHandlerAdapter.invokeHandlerMethod(RequestMappingHandlerAdapter.java:884)
	at org.springframework.web.servlet.mvc.method.annotation.RequestMappingHandlerAdapter.handleInternal(RequestMappingHandlerAdapter.java:797)
	at org.springframework.web.servlet.mvc.method.AbstractHandlerMethodAdapter.handle(AbstractHandlerMethodAdapter.java:87)
	at org.springframework.web.servlet.DispatcherServlet.doDispatch(DispatcherServlet.java:1080)
	at org.springframework.web.servlet.DispatcherServlet.doService(DispatcherServlet.java:973)
	at org.springframework.web.servlet.FrameworkServlet.processRequest(FrameworkServlet.java:1011)
	at org.springframework.web.servlet.FrameworkServlet.doPost(FrameworkServlet.java:914)
	at jakarta.servlet.http.HttpServlet.service(HttpServlet.java:731)
	at org.springframework.web.servlet.FrameworkServlet.service(FrameworkServlet.java:885)
	at jakarta.servlet.http.HttpServlet.service(HttpServlet.java:814)
	at org.apache.catalina.core.ApplicationFilterChain.internalDoFilter(ApplicationFilterChain.java:223)
	at org.apache.catalina.core.ApplicationFilterChain.doFilter(ApplicationFilterChain.java:158)
	at org.apache.tomcat.websocket.server.WsFilter.doFilter(WsFilter.java:53)
	at org.apache.catalina.core.ApplicationFilterChain.internalDoFilter(ApplicationFilterChain.java:185)
	at org.apache.catalina.core.ApplicationFilterChain.doFilter(ApplicationFilterChain.java:158)
	at org.springframework.web.filter.OncePerRequestFilter.doFilter(OncePerRequestFilter.java:110)
	at org.apache.catalina.core.ApplicationFilterChain.internalDoFilter(ApplicationFilterChain.java:185)
	at org.apache.catalina.core.ApplicationFilterChain.doFilter(ApplicationFilterChain.java:158)
	at com.alibaba.druid.support.jakarta.WebStatFilter.doFilter(WebStatFilter.java:113)
	at org.apache.catalina.core.ApplicationFilterChain.internalDoFilter(ApplicationFilterChain.java:185)
	at org.apache.catalina.core.ApplicationFilterChain.doFilter(ApplicationFilterChain.java:158)
	at org.springframework.security.web.FilterChainProxy.lambda$doFilterInternal$3(FilterChainProxy.java:231)
	at org.springframework.security.web.ObservationFilterChainDecorator$FilterObservation$SimpleFilterObservation.lambda$wrap$1(ObservationFilterChainDecorator.java:399)
	at org.springframework.security.web.ObservationFilterChainDecorator$AroundFilterObservation$SimpleAroundFilterObservation.lambda$wrap$1(ObservationFilterChainDecorator.java:297)
	at org.springframework.security.web.ObservationFilterChainDecorator.lambda$wrapSecured$0(ObservationFilterChainDecorator.java:79)
	at org.springframework.security.web.ObservationFilterChainDecorator$VirtualFilterChain.doFilter(ObservationFilterChainDecorator.java:125)
	at org.springframework.security.web.access.intercept.Authorization(String), DESKTOP-JE62AKO(String), 8080(Integer), 2026-10-03T23:53:33.106167500(LocalDateTime)
2026-10-03 23:53:33.111 [http-nio-8080-exec-7] DEBUG c.m.mapper.SystemLogMapper.insert - <==    Updates: 1
2026-10-03 23:53:33.123 [http-nio-8080-exec-3] DEBUG c.m.m.P.selectList - ==>  Preparing: SELECT id,name,description,points_price,stock,image_url,status,create_time,update_time FROM points_products WHERE (status = ?)
2026-10-03 23:53:33.123 [http-nio-8080-exec-9] DEBUG c.m.mapper.UserMapper.selectById - ==>  Preparing: SELECT id,account,username,password,email,phone,avatar,gender,age,occupation,hobbies,bio,online,status,signature,nickname,experience,points,permissions,create_time,update_time FROM user WHERE id=?
2026-10-03 23:53:33.123 [http-nio-8080-exec-3] DEBUG c.m.m.P.selectList - ==> Parameters: 1(Integer)
2026-10-03 23:53:33.123 [http-nio-8080-exec-9] DEBUG c.m.mapper.UserMapper.selectById - ==> Parameters: 15(Long)
2026-10-03 23:53:33.124 [http-nio-8080-exec-9] DEBUG c.m.mapper.UserMapper.selectById - <==      Total: 1
2026-10-03 23:53:33.124 [http-nio-8080-exec-3] DEBUG c.m.m.P.selectList - <==      Total: 3
2026-10-03 23:53:58.878 [main] DEBUG c.m.mapper.SystemLogMapper.insert - ==>  Preparing: INSERT INTO system_log ( trace_id, request_id, log_level, log_type, module, action, content, status, server_host, server_port, created_at ) VALUES ( ?, ?, ?, ?, ?, ?, ?, ?, ?, ?, ? )
2026-10-03 23:53:59.004 [main] DEBUG c.m.mapper.SystemLogMapper.insert - ==> Parameters: b4df9be303f04750b302392531e5f854(String), add4242fe29141148b46b7fd06da9396(String), INFO(String), SYSTEM(String), 系统(String), 应用启动(String), 系统启动成功，服务器主机: DESKTOP-JE62AKO，端口: 8080(String), SUCCESS(String), DESKTOP-JE62AKO(String), 8080(Integer), 2026-10-03T23:53:58.851955300(LocalDateTime)
2026-10-03 23:53:59.012 [main] DEBUG c.m.mapper.SystemLogMapper.insert - <==    Updates: 1
2026-10-03 23:54:03.375 [http-nio-8080-exec-1] DEBUG c.m.mapper.SystemLogMapper.insert - ==>  Preparing: INSERT INTO system_log ( trace_id, user_id, username, user_ip, user_agent, request_id, log_level, log_type, module, action, content, request_url, request_method, status, error_stack, server_host, server_port, created_at ) VALUES ( ?, ?, ?, ?, ?, ?, ?, ?, ?, ?, ?, ?, ?, ?, ?, ?, ?, ? )
2026-10-03 23:54:03.379 [http-nio-8080-exec-1] DEBUG c.m.mapper.SystemLogMapper.insert - ==> Parameters: 4f7955510d4c4f37bf4726acf474cd12(String), 15(Long), 15(String), 0:0:0:0:0:0:0:1(String), Mozilla/5.0 (Windows NT 10.0; Win64; x64) AppleWebKit/537.36 (KHTML, like Gecko) Chrome/154.0.0.0 Safari/537.36(String), 238514713f69424da7eca9bd758aa359(String), ERROR(String), SYSTEM(String), 全局(String), 系统异常(String), 系统异常：Required request parameter 'productId' for method parameter type Long is not present(String), /api/exchange(String), POST(String), ERROR(String), org.springframework.web.bind.MissingServletRequestParameterException: Required request parameter 'productId' for method parameter type Long is not present
	at org.springframework.web.method.annotation.RequestParamMethodArgumentResolver.handleMissingValueInternal(RequestParamMethodArgumentResolver.java:218)
	at org.springframework.web.method.annotation.RequestParamMethodArgumentResolver.handleMissingValue(RequestParamMethodArgumentResolver.java:193)
	at org.springframework.web.method.annotation.AbstractNamedValueMethodArgumentResolver.resolveArgument(AbstractNamedValueMethodArgumentResolver.java:114)
	at org.springframework.web.method.support.HandlerMethodArgumentResolverComposite.resolveArgument(HandlerMethodArgumentResolverComposite.java:122)
	at org.springframework.web.method.support.InvocableHandlerMethod.getMethodArgumentValues(InvocableHandlerMethod.java:181)
	at org.springframework.web.method.support.InvocableHandlerMethod.invokeForRequest(InvocableHandlerMethod.java:148)
	at org.springframework.web.servlet.mvc.method.annotation.ServletInvocableHandlerMethod.invokeAndHandle(ServletInvocableHandlerMethod.java:117)
	at org.springframework.web.servlet.mvc.method.annotation.RequestMappingHandlerAdapter.invokeHandlerMethod(RequestMappingHandlerAdapter.java:884)
	at org.springframework.web.servlet.mvc.method.annotation.RequestMappingHandlerAdapter.handleInternal(RequestMappingHandlerAdapter.java:797)
	at org.springframework.web.servlet.mvc.method.AbstractHandlerMethodAdapter.handle(AbstractHandlerMethodAdapter.java:87)
	at org.springframework.web.servlet.DispatcherServlet.doDispatch(DispatcherServlet.java:1080)
	at org.springframework.web.servlet.DispatcherServlet.doService(DispatcherServlet.java:973)
	at org.springframework.web.servlet.FrameworkServlet.processRequest(FrameworkServlet.java:1011)
	at org.springframework.web.servlet.FrameworkServlet.doPost(FrameworkServlet.java:914)
	at jakarta.servlet.http.HttpServlet.service(HttpServlet.java:731)
	at org.springframework.web.servlet.FrameworkServlet.service(FrameworkServlet.java:885)
	at jakarta.servlet.http.HttpServlet.service(HttpServlet.java:814)
	at org.apache.catalina.core.ApplicationFilterChain.internalDoFilter(ApplicationFilterChain.java:223)
	at org.apache.catalina.core.ApplicationFilterChain.doFilter(ApplicationFilterChain.java:158)
	at org.apache.tomcat.websocket.server.WsFilter.doFilter(WsFilter.java:53)
	at org.apache.catalina.core.ApplicationFilterChain.internalDoFilter(ApplicationFilterChain.java:185)
	at org.apache.catalina.core.ApplicationFilterChain.doFilter(ApplicationFilterChain.java:158)
	at org.springframework.web.filter.OncePerRequestFilter.doFilter(OncePerRequestFilter.java:110)
	at org.apache.catalina.core.ApplicationFilterChain.internalDoFilter(ApplicationFilterChain.java:185)
	at org.apache.catalina.core.ApplicationFilterChain.doFilter(ApplicationFilterChain.java:158)
	at com.alibaba.druid.support.jakarta.WebStatFilter.doFilter(WebStatFilter.java:113)
	at org.apache.catalina.core.ApplicationFilterChain.internalDoFilter(ApplicationFilterChain.java:185)
	at org.apache.catalina.core.ApplicationFilterChain.doFilter(ApplicationFilterChain.java:158)
	at org.springframework.security.web.FilterChainProxy.lambda$doFilterInternal$3(FilterChainProxy.java:231)
	at org.springframework.security.web.ObservationFilterChainDecorator$FilterObservation$SimpleFilterObservation.lambda$wrap$1(ObservationFilterChainDecorator.java:399)
	at org.springframework.security.web.ObservationFilterChainDecorator$AroundFilterObservation$SimpleAroundFilterObservation.lambda$wrap$1(ObservationFilterChainDecorator.java:297)
	at org.springframework.security.web.ObservationFilterChainDecorator.lambda$wrapSecured$0(ObservationFilterChainDecorator.java:79)
	at org.springframework.security.web.ObservationFilterChainDecorator$VirtualFilterChain.doFilter(ObservationFilterChainDecorator.java:125)
	at org.springframework.security.web.access.intercept.Authorization(String), DESKTOP-JE62AKO(String), 8080(Integer), 2026-10-03T23:54:03.373570800(LocalDateTime)
2026-10-03 23:54:03.386 [http-nio-8080-exec-1] DEBUG c.m.mapper.SystemLogMapper.insert - <==    Updates: 1
2026-10-03 23:54:03.437 [http-nio-8080-exec-2] DEBUG c.m.mapper.UserMapper.selectById - ==>  Preparing: SELECT id,account,username,password,email,phone,avatar,gender,age,occupation,hobbies,bio,online,status,signature,nickname,experience,points,permissions,create_time,update_time FROM user WHERE id=?
2026-10-03 23:54:03.463 [http-nio-8080-exec-3] DEBUG c.m.m.P.selectList - ==>  Preparing: SELECT id,name,description,points_price,stock,image_url,status,create_time,update_time FROM points_products WHERE (status = ?)
2026-10-03 23:54:03.485 [http-nio-8080-exec-2] DEBUG c.m.mapper.UserMapper.selectById - ==> Parameters: 15(Long)
2026-10-03 23:54:03.485 [http-nio-8080-exec-3] DEBUG c.m.m.P.selectList - ==> Parameters: 1(Integer)
2026-10-03 23:54:03.503 [http-nio-8080-exec-2] DEBUG c.m.mapper.UserMapper.selectById - <==      Total: 1
2026-10-03 23:54:03.503 [http-nio-8080-exec-3] DEBUG c.m.m.P.selectList - <==      Total: 3
2026-10-03 23:55:43.297 [http-nio-8080-exec-4] DEBUG c.m.m.PointsRecordMapper.selectList - ==>  Preparing: SELECT id,user_id,points,before_points,after_points,type,remark,create_time FROM points_record WHERE (user_id = ?) ORDER BY create_time DESC limit 50
2026-10-03 23:55:43.305 [http-nio-8080-exec-4] DEBUG c.m.m.PointsRecordMapper.selectList - ==> Parameters: 15(Long)
2026-10-03 23:55:43.307 [http-nio-8080-exec-4] DEBUG c.m.m.PointsRecordMapper.selectList - <==      Total: 3
2026-10-03 23:55:47.580 [http-nio-8080-exec-5] DEBUG c.m.m.E.selectList_mpCount - ==>  Preparing: SELECT COUNT(*) AS total FROM exchange_order WHERE (user_id = ?)
2026-10-03 23:55:47.583 [http-nio-8080-exec-5] DEBUG c.m.m.E.selectList_mpCount - ==> Parameters: 1(Long)
2026-10-03 23:55:47.595 [http-nio-8080-exec-5] DEBUG c.m.m.E.selectList_mpCount - <==      Total: 1
2026-10-03 23:55:56.887 [http-nio-8080-exec-6] DEBUG c.m.mapper.UserMapper.selectById - ==>  Preparing: SELECT id,account,username,password,email,phone,avatar,gender,age,occupation,hobbies,bio,online,status,signature,nickname,experience,points,permissions,create_time,update_time FROM user WHERE id=?
2026-10-03 23:55:56.889 [http-nio-8080-exec-6] DEBUG c.m.mapper.UserMapper.selectById - ==> Parameters: 15(Long)
2026-10-03 23:55:56.892 [http-nio-8080-exec-6] DEBUG c.m.mapper.UserMapper.selectById - <==      Total: 1
2026-10-03 23:55:56.892 [http-nio-8080-exec-7] DEBUG c.m.m.P.selectList - ==>  Preparing: SELECT id,name,description,points_price,stock,image_url,status,create_time,update_time FROM points_products WHERE (status = ?)
2026-10-03 23:55:56.895 [http-nio-8080-exec-7] DEBUG c.m.m.P.selectList - ==> Parameters: 1(Integer)
2026-10-03 23:55:56.899 [http-nio-8080-exec-7] DEBUG c.m.m.P.selectList - <==      Total: 3
2026-10-03 23:55:59.980 [http-nio-8080-exec-1] DEBUG c.m.m.PointsRecordMapper.selectList - ==>  Preparing: SELECT id,user_id,points,before_points,after_points,type,remark,create_time FROM points_record WHERE (user_id = ?) ORDER BY create_time DESC limit 50
2026-10-03 23:55:59.981 [http-nio-8080-exec-1] DEBUG c.m.m.PointsRecordMapper.selectList - ==> Parameters: 15(Long)
2026-10-03 23:55:59.989 [http-nio-8080-exec-1] DEBUG c.m.m.PointsRecordMapper.selectList - <==      Total: 3
